   Publisher App Market ID,   Publisher App ID,   Publisher App Name,  Publisher Account ID,  Publisher Account Name,Salesforce Monetize Account Region,Salesforce Monetize Account AM  Name,    Report Ad Spend (Unified),    Report    Publisher Revenue,    Report Net Revenue (Unified)
1617391485,624d1d920ea4f6b17766ae63,Block Blast-ios,606c7bac7a37680015801ad8,jiayou,APAC,Sunton Sun,3883694.611687878,2704413.24614,1179281.3655478787
com.king.candycrushsaga,632cc7810ca02c6344d51822,Candy Crush Saga_Android,622b9915ac4bf1001715b790,Activision Blizzard Media (King),Americas,Kasey Geist,2390134.8925367896,1709955.892731,680178.9998057896
com.block.juggle,633549fb3901c096a37b2893,Block Juggle—GP,606c7bac7a37680015801ad8,jiayou,APAC,Sunton Sun,2011831.0738481483,1497900.015506,513931.05834214814
295646461,685f0edd6d5c129491a495a9,Weather - The Weather Channel,685efaf2892f9d0011d7b87f,The Weather Company,Americas,Alex Moore,1572370.6777006867,784090.180294,788280.4974066869
766443283,684fe5259f7ebc7d027585c8,IOS | Flashscore: Live Scores & News,684c3af4806ba9001147f9cd,Livesport sro,EMEA,Louis Wallworth,1509830.2068521364,885054.432564,624775.7742881364
553834731,632cc70d35cc2d93ebf3b2d5,Candy Crush Saga_iOS,622b9915ac4bf1001715b790,Activision Blizzard Media (King),Americas,Kasey Geist,1498480.2251343944,1019778.935693,478701.2894413944
359917414,5346f0f55cd3b9056a000074,iOS Solitaire,561e8d936b8d90f61a000455,Mobility Ware,Americas,Natalie Kenyon,1380386.0310824602,974742.241283,405643.7897994601
com.vitastudio.mahjong,659e1333a5c8c578aac410f0,Vita Mahjong Android,5b975fcedc73276356309362,OAKEVER GAMES PTE LTD,APAC,Aria Gao,1207948.5240090918,701356.501103,506592.0229060919
319881193,5b2abc08c4867b46785c2206,Grindr - iOS,5b2aad55ec47af23be0124fc,Grindr,Americas,Kasey Geist,1040531.5839733308,589050.712066,451480.8719073308
com.snaptube.premium,575d1cfa8eee0c91140000be,Snaptube,575d1c861295e1447c0000e5,snaptube,APAC,Seven Tu,964113.3780135147,591896.718175,372216.65983851464
com.newleaf.app.android.victor,63d77f6407dd8c480b4ebaa1,Reelshort-Android,59baf611f2287a750a0034c2,CrazyMaple Studio,APAC,Harper Zhang,933050.9651052854,600990.735383,332060.22972228547
468996152,650363ddd38855ef54aae568,OfferUp iOS,650360eb0950ee00114dc484,OfferUp,Americas,Kasey Geist,906948.1720958271,599367.521847,307580.6502488271
com.lemon.lvoverseas,64c35f65eaf5dbf4a692b175,Capcut_android,64c3551f1e5137001122d418,BYTEDANCE PTE LTD,APAC,Sunton Sun,901974.6842344111,562061.749864,339912.9343704111
570060128,687fc946b7d9308ece480379,Duolingo,68799f38babc2000110fe539,Duolingo,Americas,Alex Moore,835730.0801559446,479603.821112,356126.2590439446
com.oakever.tiletrip,6642cedde0cbed6459a1b75e,Tile Trip Android,5b975fcedc73276356309362,OAKEVER GAMES PTE LTD,APAC,Aria Gao,752656.6109384525,492339.212547,260317.39839145262
6468921495,653a33af7b1a3c2b6f2b138a,Vita Mahjong,5b975fcedc73276356309362,OAKEVER GAMES PTE LTD,APAC,Aria Gao,749101.3316604671,434984.772819,314116.5588414671
com.dywx.larkplayer,5f07f6f990f19b0001fa32ac,Lark Player,575d1c861295e1447c0000e5,snaptube,APAC,Seven Tu,729909.2353077342,418739.090087,311170.14522073424
1636235979,63d77e2191f962a0f3ba0fbc,Reelshort-iOS,59baf611f2287a750a0034c2,CrazyMaple Studio,APAC,Harper Zhang,667326.3385235835,457531.068676,209795.26984758355
1500855883,64c35f0db00399b5942add11,Capcut_ios,64c3551f1e5137001122d418,BYTEDANCE PTE LTD,APAC,Sunton Sun,652794.2603641222,410052.439244,242741.82112012221
1207472156,58ebd9a452140fe55600117e,Wordscapes,561e8d976b8d90f61a0045d7,"PeopleFun, Inc.",Americas,Matthew Hong,610955.0738422018,413035.834206,197919.2396362018
9wzdncrfhwd2,57979405fb0fb7fc6e0000a2,Solitaire Collection Windows,579643ec6c081adf5c00004c,Microsoft Casual Games,Americas,Matthew Hong,579564.458967,359969.307855,219595.151112
1196764367,5dfae2bf66091a78d58169d1,Words With Friends 3 Word Game,56c3a378adccd1cb7e00000a,Zynga,Americas,Kasey Geist,546734.3690729053,390200.617179,156533.75189390528
com.metropcs.metrozone,64afc9c087a62f8001c6a27d,MetroZone,64afadea4da41800114faaeb,Unity - Americas,Americas,Jack Dove,530784.8406278347,286747.154546,244037.6860818347
com.king.candycrushsodasaga,632cc883144718961252fcd2,Candy Crush Soda Saga_Android,622b9915ac4bf1001715b790,Activision Blizzard Media (King),Americas,Kasey Geist,525199.754829943,374434.896305,150764.85852494297
com.grindrapp.android,5b2abc52c4867b46785c2450,Grindr - Android,5b2aad55ec47af23be0124fc,Grindr,Americas,Kasey Geist,514566.8326353091,292035.003158,222531.82947730907
1496354836,5efb5d6c93032a0001e65bce,Woodoku,5c05196699e4374b87bda3b9,Tripledot Studios,EMEA,Tori Edwards,489723.7335694886,430386.120787,59337.61278248858
399355755,62b9bf18ca3b3113d9762db1,TextFree iOS (53),62b9ac4282628b001b5ab74a,Pinger,Americas,Jack Dove,485861.46248224925,290762.515538,195098.9469442492
com.tripledot.woodoku,5f3fcad2f503650001352dfc,Woodoku,5c05196699e4374b87bda3b9,Tripledot Studios,EMEA,Tori Edwards,474986.6210063747,439244.255985,35742.36502137473
com.intsig.camscanner,5d3e9f2d7ea085001866a696,扫描全能王,5d3a5de9ddc71000189c7a84,"Shanghai Linguan Data Co., Ltd.",APAC,Sunton Sun,471619.2713977388,209192.558264,262426.7131337388
6449190344,66a0d468e33c9a548741a772,Poly.AI iOS,6698b45b60e2ea00114aa807,Poly.AI Android,APAC,Seven Tu,466830.3626618882,288823.3051,178007.05756188818
6748950306,68887aeb5f7b35e31f06647a,Word Solitaire: Associations IOS,6021599b8b3e5600159fcc76,HITAPPS GAMES LTD,EMEA,Beth Taylor-Lowen,460667.18450729974,329337.505173,131329.67933429973
Vidmate,6111ed034fa8e426cba05ace,Vidmate,6108e1635335b40017097948,new insight,APAC,Seven Tu,459490.42898502655,252329.037913,207161.3910720265
591560124,5c708b8a680cf16c1f43417f,Musi - Simple Music Streaming,5bccfdfc02937a3064660fb7,Musi Inc.,Americas,Matthew Hong,423988.8518020994,270400.642568,153588.20923409937
com.macrovideo.v380pro,67e244a666c089d2cb4950a2,V380 Pro,67e22d64b039580011378f33,"Guangzhou Hongshi information Technology Co., Ltd.",APAC,Ronald Long,421005.9380161652,250151.808578,170854.1294381652
1370293473,62d5275500cb8a913fd2b4dd,VPN - Super Unlimited Proxy,629f58df585252001b83d5f1,Super Unlimited Inc.,Americas,Jack Dove,420477.91972730285,281671.312166,138806.60756130287
1598997500,6649f71d6e3e372b114a9a75,Video Lite,6649f6de557b6e0011539536,Snackbox Inc,Americas,Jack Dove,406092.41563241405,210977.067696,195115.34793641407
850417475,632cc7ff0c0bbbf867b264ab,Candy Crush Soda Saga_iOS,622b9915ac4bf1001715b790,Activision Blizzard Media (King),Americas,Kasey Geist,392806.2740635359,274189.452022,118616.82204153594
com.imo.android.imoim,640554dbf2aab3d34f7b4432,imo_stable,63f725cfaa034900149db38c,Bigo,APAC,Harper Zhang,380092.5710100599,192426.602665,187665.9683450599
com.tripledot.solitaire,5c093910a4a7ea3d70999820,Solitaire - A Classic Card Game,5c05196699e4374b87bda3b9,Tripledot Studios,EMEA,Tori Edwards,376853.97386127117,351134.44231,25719.53155127119
305343404,66857e436204497f762a9aad,Tumblr,668545a239a54a0011299e6e,Automattic,Americas,Matthew Hong,374368.2865435327,214685.145972,159683.14057153268
com.firsttouchgames.dls7,62f26eace36b0fcf8cd64d02,Dream League Soccer,6247027c20721a0018bb6528,First Touch Games,EMEA,Louis Wallworth,373119.7783673918,234102.804882,139016.97348539176
com.enflick.android.TextNow,62a0dc588e56934e78819436,TextNow Android,622a3f10c690c40013e4728e,TextNow,Americas,Jack Dove,371374.5283170108,217688.271827,153686.25649001077
1487882541,5ee009ec8ca79a00013f1b95,IOS Spades,561e8d936b8d90f61a000455,Mobility Ware,Americas,Natalie Kenyon,366077.1377945555,261209.421138,104867.71665655554
6740043080,6785d3c3d85b8663adee2cba,Screwdom_IOS_com.dino.screwdom,5ce32f41e15f77001148e36d,Zego Global Ltd,APAC,Nam Trinh,362082.67321315844,219131.554688,142951.1185251584
net.zedge.android,5ee8976e2df77a0001480c94,ZEDGE Wallpapers & Ringtones,5af5b8f9e408f136156e7cae,"Zedge, Inc.",EMEA,Dumitru Cazacu,359853.4056406417,206813.358271,153040.04736964172
com.storymatrix.drama,65533abc8ec95628af4f138d,DramaBox,65532f6b6cdf5900118d1f51,STORYMATRIX PTE LTD,APAC,Aria Gao,347684.1233125735,225047.316077,122636.80723557346
395979574,53e0f868838d31b86d00002f,iOS Spider,561e8d936b8d90f61a000455,Mobility Ware,Americas,Natalie Kenyon,346413.6551795157,249430.205966,96983.44921351572
com.freereels.app,689b0fdef369593cb0e287e9,FreeReels-安卓,67c01767cc8ae200116e5d00,Skywork AI PTELTD,APAC,Ronald Long,345934.09545949736,204286.845289,141647.25017049734
com.xiaomi.mipicks,66d6b892e6845db6f88fb048,com.xiaomi.mipicks,66d6b6896f113e001198b89c,Xiaomi Group,APAC,Sunton Sun,344580.2875265862,204682.208245,139898.07928158625
1193508329,592fc29cc10833a4760012c6,Sudoku - Classic Sudoku Puzzle Game,57d1b461ae2b57d903000027,Easybrain Ltd,EMEA,Benjamin Lyon,343236.5448797077,253576.796535,89659.74834470771
free.vpn.unblock.proxy.turbovpn,5d8977f0c8e0320017598a33,Turbo,5d76031d57ec4f0017743734,INNOVATIVE CONNECTING PTE.LIMITED,APAC,Harper Zhang,336845.0571363143,181546.960748,155298.0963883143
com.mobilityware.solitaire,5346f0237963ec4e6a0000c6,Android Solitaire,561e8d936b8d90f61a000455,Mobility Ware,Americas,Natalie Kenyon,332779.3086907453,242537.139818,90242.16887274533
com.easybrain.crossword.puzzles,661556bb5b2dea6d39bb0063,Crossword Master GP,57d1b461ae2b57d903000027,Easybrain Ltd,EMEA,Benjamin Lyon,330819.17601288494,254841.176464,75977.99954888492
921765888,5be9c1194d3adf04414b15de,Audiomack | Download New Music,5f73ab8ec84db80016b354bb,Audiomack Inc.,Americas,Natalie Kenyon,322834.645245118,144425.171041,178409.474204118
382233851,686295a9394e0109dd4a2580,Flightradar24 | Flight Tracker,6862932aaff9d800114174ac,Flightradar24 AB,EMEA,Hadil Salameh,321767.1533516529,215809.091348,105958.06200365293
6464002625,65714019a5cc307500171031,ShortTV,655c62f25942160011cb5305,SHUNYOU PTE LTD,APAC,Harper Zhang,309042.8095583399,202734.693041,106308.11651733983
632064380,6716548809f72ec0f50798ed,Vinted IOS,670cfa366f113e00119a799f,Vinted,EMEA,Dumitru Cazacu,306552.6101479342,167173.122485,139379.48766293415
1103438575,579b9dc8b8582d866e000061,Microsoft Solitaire Collection iOS,579643ec6c081adf5c00004c,Microsoft Casual Games,Americas,Matthew Hong,306390.14740161086,210259.742794,96130.40460761086
6482849843,661898f2c0c070078a977fb4,Goods Sorting: Match 3 Puzzle iOS PM_1945,5a57133a3610bbb671016ff3,FALCON GLOBAL LTD.,APAC,Nam Trinh,296539.6190660825,191656.771269,104882.84779708249
6504324020,686cdae238a354d88e4ccb38,Hexa Away_iOS,5b69051b3a5ab61db2c22189,株式会社GOODROID,APAC,Soojin Moon,292783.98138231057,182703.234438,110080.74694431058
1407852246,603cf6d080c4a228357168ea,Happy Color iOS (NEW),5b1526a7de961d3317b1d475,X-FLOW LTD,EMEA,Kseniia Fesenko,288648.4557502412,193022.514786,95625.94096424116
6741408932,67d28cc1043308f88f90f139,Jigsolitaire,561e8d936b8d90f61a00046c,"Gamincat, Inc.",APAC,Soojin Moon,282763.2916909188,178935.760311,103827.53137991879
com.king.farmheroessaga,632cc65fb9383affd1497167,Farm Heroes Saga_Android,622b9915ac4bf1001715b790,Activision Blizzard Media (King),Americas,Kasey Geist,282464.5454783559,201178.166462,81286.37901635586
com.newreading.goodreels,6487cb65721f160ac5302d11,GoodReels-Android,63e35991bbe8fa0014380604,Singapore New Reading Technology Pt,APAC,Sunton Sun,280682.3314989758,204250.425101,76431.90639797584
com.gamovation.tileclub,667c14204d6765df32fe9234,Tile Club,5fe2fafd6013fb0015208652,GamoVation,EMEA,Louis Wallworth,279269.8081338994,207179.289537,72090.51859689945
com.peoplefun.wordcross,58ed4805d573baf555001be0,Wordscapes GP,561e8d976b8d90f61a0045d7,"PeopleFun, Inc.",Americas,Matthew Hong,272937.511752763,202762.749005,70174.76274776302
6504849169,66c4130fe2d733cb76cdd336,NetShort_IOS,66bf1c62ddea6f0011b313a9,NETSTORY PTE LTD,APAC,Harper Zhang,268739.8704066247,177165.970996,91573.89941062468
com.fugo.wow,5c1dea438aa5b200174b0a72,Words Of Wonders - Android,5bb6123fa4ae3604537ad781,Fugo Games,EMEA,Dina Eraksan,268627.2802406623,149695.361698,118931.9185426623
301987699,53e0f922936129bc6d000033,iOS FreeCell,561e8d936b8d90f61a000455,Mobility Ware,Americas,Natalie Kenyon,267000.064367552,188817.65212,78182.41224755201
6743385713,67f64bb2ee3e8a4c67ae7434,Bubble Buster,634d301fa3774b001b7c0dbc,ToGather Fun Limited,APAC,Harper Zhang,255724.17790400214,175374.144287,80350.03361700215
1667538256,64ec9384993b2f0f1f1d1c9a,Solitaire Verse,619b548fc9c9c1001796f1f6,Gimica GmbH,EMEA,Dina Eraksan,255249.6679449301,179571.90185,75677.76609493009
1462911602,62f26e8e348007e331ea2907,Dream League Soccer,6247027c20721a0018bb6528,First Touch Games,EMEA,Louis Wallworth,254089.907876741,163704.032581,90385.87529574099
com.badoo.mobile,5ae1d7c5cf3ad762761bbca1,Badoo - Free Chat & Dating App,5aafdd4a0520357fabf54aa6,Badoo,EMEA,Beth Taylor-Lowen,252456.11256306624,160154.530952,92301.58161106624
com.supercell.hayday,52a764b09fd76a3932000008,Hay Day Android,561e8d936b8d90f61a000ade,Supercell,EMEA,Louis Wallworth,245169.0171842165,166291.014,78878.00318421649
free.tube.premium.advanced.tuber,62314e03f09a34c4383095da,Pure Tuber,622f25f89bc0cb0014c6c06f,individual,APAC,Ronald Long,244933.43844917588,138002.998523,106930.4399261759
com.easybrain.art.puzzle,5f33efea7aae9f000162155d,Art Puzzle GP,57d1b461ae2b57d903000027,Easybrain Ltd,EMEA,Benjamin Lyon,244656.11897349966,201160.78765,43495.331323499675
506627515,50046b006d791be34e17e959,Hay Day IOS,561e8d936b8d90f61a000ade,Supercell,EMEA,Louis Wallworth,244367.32587821595,159158.837,85208.48887821594
1521236603,6266b49b6a7efba7e6ccbbe1,Travel Town iOS,561e8d966b8d90f61a0033c4,Moon Active,EMEA,Tori Edwards,240692.45002166263,129987.101037,110705.34898466265
1600525061,638badd694d1fb9053c85621,Locket iOS,638badabfc61bb001443e715,"Locket Labs, Inc",Americas,Alex Moore,232933.59223514114,140228.422718,92705.16951714113
6445905219,6553382acf969be4de4d9be6,DramaBox,65532f6b6cdf5900118d1f51,STORYMATRIX PTE LTD,APAC,Aria Gao,228180.0425652119,152090.60483,76089.43773521189
com.mobilityware.spider,53d7b79466aa901306000019,Android Spider,561e8d936b8d90f61a000455,Mobility Ware,Americas,Natalie Kenyon,222826.33160256533,169158.828451,53667.50315156533
6463127238,6566955ef2be8e652a92b3b8,Hexa Sort,5f064bf93191d60018f0fd5a,Lion Studios,Americas,Matthew Hong,220716.77928880515,137637.861146,83078.91814280517
com.mobilityware.Spades,5ee96179d43e3a0001751cb0,Android Spades,561e8d936b8d90f61a000455,Mobility Ware,Americas,Natalie Kenyon,213850.27575926646,156572.939033,57277.33672626647
com.zynga.words3,5dfae5f6c3936b78cf456b7d,Words With Friends 3 Android,56c3a378adccd1cb7e00000a,Zynga,Americas,Kasey Geist,213295.38937480852,157327.180393,55968.2089818085
com.pixel.art.coloring.color.number,5a777f42d76bfe102f007091,Happy Color Android - Paint by Number,5b1526a7de961d3317b1d475,X-FLOW LTD,EMEA,Kseniia Fesenko,212353.4779870575,147291.504096,65061.97389105751
6748595336,69047083b2b884a38fc2d0dd,seamobi-dev-gmail-com_com-db-speedVPN,6297c4bc012073001b3df035,Yandex Inc.,EMEA,Dumitru Cazacu,211547.99867894914,141279.753593,70268.24508594912
698255242,6276cb2872361e0c07c98cec,Geometry Dash Lite,6276c973f70e7c001895be79,RobTop Games AB,EMEA,Tori Edwards,211380.48613411136,124242.204044,87138.28209011136
grill.sort.food.games.match.puzzle,67d3af22e3373f37dc6370cd,Grill Sort - Food Sort Games,6364b12e3ad6c7001711d812,Fodream Limited,APAC,Harper Zhang,209716.20049099153,159416.918027,50299.28246399152
io.randomco.travel,6267b266886bc70496f956fa,Travel Town Android,561e8d966b8d90f61a0033c4,Moon Active,EMEA,Tori Edwards,208900.59016143112,109450.543785,99450.04637643113
314716233,62a0dc1c93d8b90a44a85847,TextNow iOS,622a3f10c690c40013e4728e,TextNow,Americas,Jack Dove,208716.68016217733,135864.821061,72851.85910117734
6498883328,6642cf9be0cbed6459a1b767,Tile Trip iOS,5b975fcedc73276356309362,OAKEVER GAMES PTE LTD,APAC,Aria Gao,201925.67708067058,135180.020725,66745.65635567057
587366035,597b765f20522c9d77000202,PicsArt Photo Studio: Collage Maker & Pic Editor (IOS),59650c95a4e548f217000ead,Picsart Inc,Americas,Matthew Hong,201171.42679651128,112452.340566,88719.08623051128
com.hecate.phantom,6875fcc861fad0cbc88635dd,LOKBOX: Pocket Cinema,6875f522babc2000110fb14e,Chongqing JiguJigu  Network Technol,APAC,Seven Tu,200578.29393317216,128978.117954,71600.17597917217
com.camerasideas.instashot,56163d74f155120c6d0005df,InstaShot Video Editor No Crop,561e8d976b8d90f61a003fcf,InstaShot,APAC,Harper Zhang,200571.33693258767,104629.054405,95942.28252758764
com.miniclip.eightballpool,55a4e36aad6c18e83a000159,8 Ball Pool,561e8d926b8d90f61a00013e,Miniclip SA,EMEA,Louis Wallworth,200400.28647266285,133842.139606,66558.14686666285
com.ecffri.arrows,686eb03d675b99fe079dac34,Arrows Android,6107c3b4abaef100175b9029,Lessmore UG (haftungsbeschränkt),EMEA,Dina Eraksan,198797.53885654366,151972.630067,46824.908789543675
com.duolingo,687fc975b7d9308ece480382,Duolingo,68799f38babc2000110fe539,Duolingo,Americas,Alex Moore,198713.85383316272,95775.409688,102938.4441451627
com.easybrain.number.puzzle.game,6049dfc28457e34b9883e80a,Number Match GP,57d1b461ae2b57d903000027,Easybrain Ltd,EMEA,Benjamin Lyon,198305.5811711447,153945.567425,44360.0137461447
6744842285,68833f707f35e9d72122c1a6,seamobi-dev-gmail-com_com-free-vpn-proxy-master,6297c4bc012073001b3df035,Yandex Inc.,EMEA,Dumitru Cazacu,197862.4115366727,131909.093676,65953.3178606727
306310789,5936ce6ff2dd8a5e180008f4,Wattpad_iOS_Interstitial,56b2844d24342c3622000032,Wattpad,Americas,Matthew Hong,197762.7534197165,133317.608229,64445.1451907165
1176027022,6268445fe544d565a3f73230,Toon Blast,56c3a378adccd1cb7e00000a,Zynga,Americas,Kasey Geist,197651.92373153075,156523.678751,41128.24498053077
488575683,66e0363553834547abf558a2,FotMob iOS,66e0182c82571e00117d2acb,FotMob AS,EMEA,Louis Wallworth,197549.15314032204,90302.759336,107246.39380432206
1215933788,59e7db9b598ece421700ded4,Scrabble Go,561e8d966b8d90f61a003414,Scopely,Americas,Natalie Kenyon,197161.50344195217,149682.909465,47478.59397695216
com.gamebrain.hexasort,64f237afb680ca9e9f9856e1,Hexa Sort,5f064bf93191d60018f0fd5a,Lion Studios,Americas,Matthew Hong,193627.9129353361,113087.545674,80540.3672613361
com.ig.screwdom,6765b3b90b2f71906881a1cf,Screwdom_com.ig.screwdom,5ce32f41e15f77001148e36d,Zego Global Ltd,APAC,Nam Trinh,193043.3309130974,125855.844951,67187.48596209742
com.fc.goods.sort.matching.puzzle.triplemaster,660a20c0c5f237ebf7b4ac68,Goods Sorting: Match 3 Puzzle PM_1945,5a57133a3610bbb671016ff3,FALCON GLOBAL LTD.,APAC,Nam Trinh,187822.1438886368,124350.680697,63471.463191636794
1344700142,5b14f1027ea39141340a6ada,UNO!™,5b0fc58f19829714e5ad0d2f,Mattel163 Limited,APAC,Aria Gao,187181.74228539676,120858.437219,66323.30506639676
6744317674,680061dd6e7314c68220322b,Wool Craze,64684dd7d7125400115d9e39,Vicok Limited New,APAC,Aria Gao,184799.44428446027,130992.371548,53807.07273646027
com.pieyel.scrabble,59e7dc15a81a003c1700ebfe,Scrabble Go,561e8d966b8d90f61a003414,Scopely,Americas,Natalie Kenyon,183994.37637354806,133546.373033,50448.00334054805
ai.socialapps.speakmaster,6698be43198409320ce72a78,Poly.AI Android,6698b45b60e2ea00114aa807,Poly.AI Android,APAC,Seven Tu,183539.5354809319,109131.791208,74407.7442729319
com.weather.Weather,685f12acc91f8ce8aec2fd7c,The Weather Channel - Radar,685efaf2892f9d0011d7b87f,The Weather Company,Americas,Alex Moore,182134.62403218518,95294.314255,86840.30977718518
fr.vinted,671654af58450cca797bb25d,Vinted Android,670cfa366f113e00119a799f,Vinted,EMEA,Dumitru Cazacu,181548.3817239336,84862.933377,96685.44834693361
416048305,66f38672cde9700bb6f022ba,美圖秀秀,66f36da16f113e0011999ff8,Meitu China,APAC,Aria Gao,180963.9886744188,91773.534676,89190.45399841882
6748397500,689c4f436dce1f7513be19b9,Arrows – Puzzle Escape,6107c3b4abaef100175b9029,Lessmore UG (haftungsbeschränkt),EMEA,Dina Eraksan,180156.44134841548,120100.279304,60056.16204441547
512939461,5e4e66ea60ce6a001791d156,Subway Surfers (Non-COPPA),5c52bd6ffbeb402419bef87d,SYBO Games,EMEA,Louis Wallworth,179668.12671363092,131285.958747,48382.16796663091
1355464544,5fa1e909a1a78e5fc27dc5e0,Tubidy Fm Radio Music Player,561e8d946b8d90f61a002019,Mobiletech Software SRL,EMEA,Hadil Salameh,179244.83604711006,102706.614814,76538.22123311006
com.lenovo.anyshare.gps,64f7008818744ab0e0841919,Shareit Android,5f687c6436ca1e0016d5fd6d,INJOY TECHNOLOGY PTE.LTD.,APAC,Seven Tu,178096.54291442508,106059.126188,72037.41672642507
6448176203,648954542a2e454c7c0aba4e,GoodReels-IOS,63e35991bbe8fa0014380604,Singapore New Reading Technology Pt,APAC,Sunton Sun,173442.3507763016,123695.52378,49746.82699630162
1660171117,641bbdc51e0260737618e232,ZenWord iOS,5b975fcedc73276356309362,OAKEVER GAMES PTE LTD,APAC,Aria Gao,172519.86416051054,106463.379685,66056.48447551054
com.offerup,6503642f5551fd9849db7a23,OfferUp Android,650360eb0950ee00114dc484,OfferUp,Americas,Kasey Geist,172514.25594977048,99910.978784,72603.27716577049
com.scores365,6707900e901d39379d5ad723,Android 365Scores: Live Scores & News,67078359be02e20011a686ec,365scores,EMEA,Beth Taylor-Lowen,172215.9100531818,108755.997396,63459.9126571818
571801488,67078f17c81241f35a6237cb,iOS 365Scores: Live Scores & News,67078359be02e20011a686ec,365scores,EMEA,Beth Taylor-Lowen,170977.66760273703,117882.977071,53094.690531737004
com.dramawave.app,67c0237dee9356aafba1ccdb,dramawave-安卓,67c01767cc8ae200116e5d00,Skywork AI PTELTD,APAC,Ronald Long,170532.14127138772,117358.003552,53174.137719387705
1544750895,662687403b493c22d404bf70,Chai iOS,662686e7216c0b00118aef81,Chai Research Corp,Americas,Natalie Kenyon,170216.6763922642,117282.139435,52934.53695726418
569077959,589b92f26beaa884180003d3,Timehop,5898dc668d35674f40000046,Timehop,Americas,Jack Dove,168940.67116438563,113397.680383,55542.99078138561
com.supervpn.vpn.free.proxy,6859240353ef1303f912ce2f,seamobi-dev-gmail-com_com-supervpn-vpn-free-proxy,6297c4bc012073001b3df035,Yandex Inc.,EMEA,Dumitru Cazacu,167675.99308990547,112542.683883,55133.309206905455
351331194,5aafe5c62567717fa575bfc1,Badoo - The Dating App,5aafdd4a0520357fabf54aa6,Badoo,EMEA,Beth Taylor-Lowen,165530.2780628856,107843.88348,57686.39458288561
com.fiogonia.blockjam,6814f77716e6847d6f09c8a5,Shape Escape Android,58737456236d8f446400071c,FIOGONIA LIMITED,EMEA,Louis Wallworth,164890.31500802195,120394.048164,44496.26684402194
com.Beauchamp.Messenger.external,6626876f3b493c22d404bf75,Chai Android,662686e7216c0b00118aef81,Chai Research Corp,Americas,Natalie Kenyon,164465.74821391367,107267.834624,57197.913589913675
1545567989,5fdfae0fc5d4c9ab8efa6701,Number Match IOS,57d1b461ae2b57d903000027,Easybrain Ltd,EMEA,Benjamin Lyon,161993.84795541456,116351.447295,45642.40066041454
com.instabridge.android,5e60cd1f3610f800010eaf6a,Instabridge,58665aa0444a4aeb0d000130,Instabridge Sweden AB,EMEA,Dina Eraksan,161427.53360056193,99862.645632,61564.88796856194
com.microsoft.microsoftsolitairecollection,579ba0736bccbf375f00007a,Microsoft Solitaire Collection Android,579643ec6c081adf5c00004c,Microsoft Casual Games,Americas,Matthew Hong,159733.04802880913,109758.467998,49974.58003080914
com.blockchainvault,65d490ed9a4122e9e0de916d,Android - Pi Network,65d4907595c34900110c9204,Social Chain Inc.,Americas,Jack Dove,158227.99671887804,90446.519104,67781.47761487805
608206510,632cc5c80ca02c6344d51818,Farm Heroes Saga_iOS,622b9915ac4bf1001715b790,Activision Blizzard Media (King),Americas,Kasey Geist,157126.37165583795,109925.638958,47200.73269783793
1369521645,5c1cdefbd71d110017b3f88b,Words Of Wonders - iOS,5bb6123fa4ae3604537ad781,Fugo Games,EMEA,Dina Eraksan,156113.22201876028,91538.060975,64575.161043760265
com.awesome.puzzlehexasort,66eab024f909844620b78871,Hexa Sort,5fc671cbba624b0015a61bf1,Saygames LTD,EMEA,Beth Taylor-Lowen,153625.08035748426,130800.514556,22824.56580148424
1602508478,63dd0e73ff93460cff697297,Word Search Explorer : Fun Game,568b8cb3bb2089a80600000a,Playsimple Games,APAC,Rutvij Jadav,153066.61170851337,105724.364555,47342.24715351338
com.michatapp.im,63807bee031be5e76fb1fec2,MiChat,6376f00f3d02dc001b2940b6,MICHAT PTE. LIMITED,APAC,Harper Zhang,152919.64341381207,132191.773,20727.87041381208
com.easybrain.sudoku.android,59d39cbfef6627a809002d5b,Sudoku - Classic Logic Puzzle Game,57d1b461ae2b57d903000027,Easybrain Ltd,EMEA,Benjamin Lyon,152483.6070592681,122429.245408,30054.361651268115
1557392270,62f47a1d8a0eaaba3f3b6e30,Zen Color  iOS,5b975fcedc73276356309362,OAKEVER GAMES PTE LTD,APAC,Aria Gao,151661.7600802965,100940.21625,50721.543830296505
com.flightradar24free,686299fc79819ef02142b9ce,Flightradar24 Flight Tracker,6862932aaff9d800114174ac,Flightradar24 AB,EMEA,Hadil Salameh,150715.29983662814,80355.458852,70359.84098462816
com.easybrain.jigsaw.puzzles,5cb99eb2e520d93f2a43c588,Jigsaw Puzzles Android,57d1b461ae2b57d903000027,Easybrain Ltd,EMEA,Benjamin Lyon,150620.38058510952,124001.62107,26618.75951510953
6743091090,6814ec1fae377462a542071c,Shape Escape iOS,58737456236d8f446400071c,FIOGONIA LIMITED,EMEA,Louis Wallworth,148256.98797593138,102549.701713,45707.28626293139
com.cashwalk.cashwalk,5af2c576731d33224a6b9f2d,캐시워크 - 돈버는 만보기 잠금화면,5af2ae1e0f25612233aa2819,캐시워크,APAC,Soojin Moon,145627.05750548746,76013.685166,69613.37233948744
388627783,5d3ad25290f20b00179e1c0e,扫描全能王-iOS,5d3a5de9ddc71000189c7a84,"Shanghai Linguan Data Co., Ltd.",APAC,Sunton Sun,145269.77578873272,80256.209987,65013.565801732715
live.shorttv.apps,65716f6c31ace18371faff52,ShortTV,655c62f25942160011cb5305,SHUNYOU PTE LTD,APAC,Harper Zhang,145093.01198940212,88544.626786,56548.38520340214
com.mobilityware.freecell,53d7b802ec6bbcff4d000019,Android FreeCell,561e8d936b8d90f61a000455,Mobility Ware,Americas,Natalie Kenyon,144015.02955973143,111960.218323,32054.811236731435
com.free.vpn.super.hotspot.open,62ce7ef68cd2f0b72c87b683,VPN - Super Unlimited Proxy,629f58df585252001b83d5f1,Super Unlimited Inc.,Americas,Jack Dove,143171.59555922757,89080.998541,54090.59701822758
com.easybrain.block.puzzle.games,5dc290cf1051eb0012a6b214,Blockudoku GP,57d1b461ae2b57d903000027,Easybrain Ltd,EMEA,Benjamin Lyon,141353.81082166385,115428.257834,25925.552987663843
com.resultadosfutbol.mobile,6807543f9e0c8ad76e7f0c01,BeSoccer,680748860437920011951532,BeSoccer,EMEA,Louis Wallworth,139477.32370323245,71540.92758,67936.39612323244
1638139403,68515f1b9f7ebc7d027598ec,Block Crush iOS,683bc1bb4c15ca0011ad2b91,WONDERFUL TYCOON LIMITED,APAC,Sunton Sun,138475.96176471765,99249.67666,39226.28510471764
1644847077,662e0e2c61db5b0a87580cb6,MusicX Pro,561e8d946b8d90f61a002019,Mobiletech Software SRL,EMEA,Hadil Salameh,137350.09521480423,78811.6325,58538.462714804235
642831690,524ad17f92fcd29365000006,Jigsaw Collection HD,561e8d936b8d90f61a00134a,Veraxen Ltd,EMEA,Kseniia Fesenko,135430.894246374,92405.420004,43025.474242373995
com.ezt.pdfreader.pdfviewer,674983665c1505ce639e4c0e,Pdf v1,61825d0b78e35800177c13f0,EZTech,APAC,Nam Trinh,134947.3474518349,70080.202593,64867.144858834916
6505095234,66a06c4baef015d56fed9008,Car Jam - Escape Puzzle,6364b12e3ad6c7001711d812,Fodream Limited,APAC,Harper Zhang,132768.53366211837,95351.14013,37417.39353211835
com.dubox.drive,647febe9eceab671ee15db3c,TeraBox,630dd09a2334a0001b28ad73,"Flextech, Inc.",APAC,Seven Tu,132543.7832364022,75271.447549,57272.3356874022
car.jam.traffic.seat.unblock,66d13bb5f04eb8d914d2c287,Car Jam,6364b12e3ad6c7001711d812,Fodream Limited,APAC,Harper Zhang,131774.60486006396,104710.769607,27063.83525306395
free.vpn.unblock.proxy.vpn.master.pro,5da6812659f5670018ae7124,Pro,5d76031d57ec4f0017743734,INNOVATIVE CONNECTING PTE.LIMITED,APAC,Harper Zhang,131236.59350055546,64499.144232,66737.44926855544
6746084597,685d292cc9b6594c5a5cf7a3,seamobi-dev-gmail-com_aerovpn.app.fox.free.vpn.AirPlaneMaster,6297c4bc012073001b3df035,Yandex Inc.,EMEA,Dumitru Cazacu,130652.92709948441,87265.355517,43387.57158248442
6547858927,66b372f5e33c9a548741ff37,Crossword Master IOS,57d1b461ae2b57d903000027,Easybrain Ltd,EMEA,Benjamin Lyon,130434.75217953823,96002.243315,34432.508864538235
com.kiloo.subwaysurf,5e4e6838246d020018f1e653,Subway Surfers (Non-COPPA),5c52bd6ffbeb402419bef87d,SYBO Games,EMEA,Louis Wallworth,130427.97324521678,90733.688853,39694.28439221678
solitaire.patience.card.games.klondike.free,6103ceacdf8b0d54672519dc,Solitaire-Android,5e96c1b29704720015d9f4ae,Guru Network Limited,APAC,Harper Zhang,129610.66486748522,80639.86604,48970.79882748522
io.deveem.vpn,6912064edcd984f22c652c3f,deveem_io-deveem-vpn,6297c4bc012073001b3df035,Yandex Inc.,EMEA,Dumitru Cazacu,128142.74778856323,86768.799774,41373.948014563226
net.peakgames.toonblast,62684259b7fb3d4fd5c5fb13,Toon Blast,56c3a378adccd1cb7e00000a,Zynga,Americas,Kasey Geist,128127.40007350082,109334.615556,18792.784517500815
com.eyecon.global,6571c9ecba6511036ea4df55,Eyecon,6570788bee73b50011dbb6f6,Eyecon Global Ltd,EMEA,Dina Eraksan,127648.77065861036,72277.336391,55371.43426761035
e.books.reading.apps,6694c54c4d6765df32fed7ff,Fizzo Novel - Android,6694c47160e2ea00114a8599,Poligon Pte Ltd,APAC,Sunton Sun,126862.55618556002,86277.413492,40585.14269356003
com.bigwinepot.nwdn.international,642eeb44c80b214ca21006f6,Remini AI,619cc4d31a366f0017fe8d06,AI CREATIVITY S.R.L.,EMEA,Benjamin Lyon,126836.58782373006,74552.572692,52284.01513173006
com.handmark.expressweather,62b055e06894d1a44ef4d3a7,1Weather Android,626a9cd05d54fa0018b746b3,InMobi,APAC,Rutvij Jadav,125808.51252020773,72678.665308,53129.84721220774
1191435163,5c093969f7a1953d6377362b,Solitaire - A Classic Card Game iOS,5c05196699e4374b87bda3b9,Tripledot Studios,EMEA,Tori Edwards,125473.05559963449,86280.625006,39192.43059363449
premium.gotube.adblock.utube,6257f8967c1864a5b530fda2,GoTube,624fcf9241887a0018618c00,GoTube Studio,APAC,Soojin Moon,125342.86646174746,66899.175196,58443.69126574746
com.mxtech.videoplayer.ad,6306068eadc5c5493fa01c91,MX Player 11,62f234d9f81a3c001bde7c25,MX Player,APAC,Rutvij Jadav,125310.93704242154,67339.465939,57971.47110342156
428312806,5057845678715d951df74577,Wordfeud,561e8d936b8d90f61a0014d2,Bertheussen IT,EMEA,Dumitru Cazacu,124111.20893950353,75684.558645,48426.65029450353
com.radio.pocketfm,6315b8bb85b5a14b0bbc9454,PocketFM Android,6315b8713c59f7001bacf8fb,Pocket FM Corp,APAC,Rutvij Jadav,123752.47267371038,74756.565504,48995.90716971039
997362197,55cd7d5c343bb084400002f2,InShot iOS,561e8d976b8d90f61a003fcf,InstaShot,APAC,Harper Zhang,122918.87791894768,67687.665398,55231.212520947665
com.gamincat.jigsolitaire,67a5c083b7c0c84dcaf1ee86,Jigsolitaire,561e8d936b8d90f61a00046c,"Gamincat, Inc.",APAC,Soojin Moon,121886.15181610858,70428.054425,51458.09739110858
com.screw3d.match.nuts.bolts.pin.jam.away.puzzle,675696667913198c9ecadaac,Screw 3D Android(CD),58b91be73e5caab04b000296,Mavericks Mobile,APAC,Ronald Long,121611.87325960997,79539.545162,42072.32809760998
com.zm.blockaway,66c5d0ccb5852a686fdb8cb2,Block away Android,5c05196699e4374b87bda3b9,Tripledot Studios,EMEA,Tori Edwards,120994.94847001614,94926.105165,26068.843305016147
in.playsimple.wordsearch,625d3d93b090bdfbd3c527c0,Word Search Explorer,568b8cb3bb2089a80600000a,Playsimple Games,APAC,Rutvij Jadav,119567.14391651777,81525.115096,38042.028820517764
6754384144,6905adc23ab3eb7275ecffe1,Color Pixel Shooter,5b84c65ca73f7a027c553f4a,Rewards Game,EMEA,Tori Edwards,118693.19420907136,76810.653555,41882.54065407135
6590876141,66ea968ed96b6cc4df566092,Hexa Sort,5fc671cbba624b0015a61bf1,Saygames LTD,EMEA,Beth Taylor-Lowen,118446.89277125298,89084.09624,29362.796531252992
6744237126,6863db75a844a45e9b6a6d26,FlareFlow,683eac26c72df000112c434c,FLAREFLOW PTE LTD,APAC,Harper Zhang,117420.50992101312,74695.602002,42724.9079190131
6504332779,672c8db687f9dce6e6634762,ColorBlockJam,5bec0018c9af0a7962a96f4a,Rollic Games,EMEA,Dina Eraksan,117405.30345191233,73200.004819,44205.29863291234
jigsaw.puzzle.game.banana,62145348d6a1fb0de34bc483,Jigsaw Android,5b975fcedc73276356309362,OAKEVER GAMES PTE LTD,APAC,Aria Gao,117311.37198463333,79590.45246,37720.919524633326
academy.gocrypto.trading,66a8f6c8aac742b8e38fce3d,Gocrypto,66a8f651514c00001147b0d5,Clickfun Limited,EMEA,Kseniia Fesenko,116915.55692618777,69156.055059,47759.50186718777
free.vpn.unblock.proxy.vpnmaster,5d8990630b15ea00170bdfce,Master,5d76031d57ec4f0017743734,INNOVATIVE CONNECTING PTE.LIMITED,APAC,Harper Zhang,116625.17752318681,70266.034679,46359.14284418681
1388988209,67e2464166c089d2cb4950a7,V380 Pro,67e22d64b039580011378f33,"Guangzhou Hongshi information Technology Co., Ltd.",APAC,Ronald Long,116058.61228638273,68426.222101,47632.39018538273
com.gamovation.mahjongclub,61fd167eb969e9afd12d5161,Mahjong Club,5fe2fafd6013fb0015208652,GamoVation,EMEA,Louis Wallworth,115753.94112069775,87454.442221,28299.498899697763
1250312807,5bd2b484ebaf58797f4c4f83,X-VPN Unlimited VPN Proxy,5bd2ab5a79a00802b5118a87,Free Connected Limited,APAC,Ronald Long,114994.6746262764,63417.934451,51576.740175276405
wp.wattpad,56b8e577819502560b000033,Wattpad Futures - android,56b2844d24342c3622000032,Wattpad,Americas,Matthew Hong,114862.2167519618,77123.386484,37738.8302679618
1324604053,5a30e47b794900452500459c,Puzzles IOS,57d1b461ae2b57d903000027,Easybrain Ltd,EMEA,Benjamin Lyon,114858.84019923741,88428.667056,26430.17314323741
com.tripledot.blockbash,66fe1af9cde9700bb6f04290,Woodoku Blast Android,5c05196699e4374b87bda3b9,Tripledot Studios,EMEA,Tori Edwards,114415.92453957241,106521.870953,7894.053586572416
com.enzo.paulo,68fa0df4c4da864926b0e4ff,Seekee - Ai Search & Assistant,68fa0d672fef766b2dac5f75,"SEEKEEHORIZON TECHNOLOGY (HK) CO,",APAC,Seven Tu,114151.48147518777,63147.227345,51004.254130187765
com.linecorp.LGTMTM,623a937c155ef61249701f2b,LINE：ディズニーツムツム,5efeed113191d60018f0f4e0,LY Corporation,APAC,Sunyoung Min,113847.84543091428,75241.655589,38606.18984191429
eu.livesport.FlashScore_com,684fe594c195c4600e876f24,AND | Flashscore: Live Scores & News,684c3af4806ba9001147f9cd,Livesport sro,EMEA,Louis Wallworth,113726.0544515256,50802.728815,62923.32563652561
890378044,626841d0d03ae7f7395fdc62,Toy Blast,56c3a378adccd1cb7e00000a,Zynga,Americas,Kasey Geist,113381.66875344473,89262.553854,24119.114899444725
1452227871,5c9c7a04d13ede0012e22ff2,Blockudoku IOS,57d1b461ae2b57d903000027,Easybrain Ltd,EMEA,Benjamin Lyon,113365.92269203844,83904.970118,29460.952574038438
com.wood.block.sudoku.puzzle.bm,68515eedd1432abf30525019,Block Crush GP,683bc1bb4c15ca0011ad2b91,WONDERFUL TYCOON LIMITED,APAC,Sunton Sun,112708.39650253284,86765.267251,25943.12925153284
com.tripledot.triple.tile.match.pair.game.three.master.object,60a4e1e3cf4957c21093d8e8,Triple Tile,5c05196699e4374b87bda3b9,Tripledot Studios,EMEA,Tori Edwards,112565.0524691213,104918.588903,7646.463566121298
com.superking.parchisi.star,6303b36532b01d410e2d4eda,Parchisi STAR Android,62f4b9c1a0cd3e00172cfe1c,Gameberry Labs Private Limited,APAC,Rutvij Jadav,111911.43073677603,60004.312408,51907.11832877605
1484468651,60112a9e7e07f1c9680afb81,Dice Dreams,60112a3ed3c4a000156a31d9,Superplay,EMEA,Beth Taylor-Lowen,110117.98145552698,81451.7979,28666.183555526975
com.bstar.intl,63e0751c6d911e9e2816c10c,Bilibili,63e0726b0dce2900138bf123,BALABOOM PTE LTD,APAC,Ronald Long,109732.36006941448,71464.298533,38268.061536414476
6504279468,66d0321ea6cf59778900a031,APFindDIfference - iOS,5e96c1b29704720015d9f4ae,Guru Network Limited,APAC,Harper Zhang,108292.15728382135,71151.647406,37140.50987782135
com.tile.match.blockpuzzle,63b7bf0fa928816f6c42effc,Tile Match - Match Puzzle Game,64075f57d6da1900141e5aba,Code Dish GmbH,EMEA,Hadil Salameh,108129.47047637492,75411.348355,32718.122121374923
605569663,6384938d1e0c734133a722a4,Amerigo File Manager iOS,561e8d956b8d90f61a003069,IdeaSolutions S.r.l.,EMEA,Beth Taylor-Lowen,107965.56953537978,64001.849202,43963.720333379766
con.hotspot.vpn.free.master,68527792e9b47688840edfd7,seamobi-dev-gmail-com_con-hotspot-vpn-free-master,6297c4bc012073001b3df035,Yandex Inc.,EMEA,Dumitru Cazacu,107774.11198240574,72211.10795,35563.00403240575
1080465358,627a7fad9a5916612c6cb77e,IT-PM_Futbin_iOS,5a53889945eaab512501251e,AddApptr GmbH,EMEA,Dina Eraksan,106881.37027199088,57630.888977,49250.48129499088
6444056676,63ff39ab1e40c644de13073f,Tile Match - Match Puzzle Game,64075f57d6da1900141e5aba,Code Dish GmbH,EMEA,Hadil Salameh,106514.41434055907,70783.332595,35731.081745559066
336435697,64a3d611830ec394da008f59,IMO_iOS,63f725cfaa034900149db38c,Bigo,APAC,Harper Zhang,106254.36825681166,56040.569,50213.799256811675
6446890186,645243a50ccf9ed0c9ba14b7,Wooden Puzzle Bliss,619b548fc9c9c1001796f1f6,Gimica GmbH,EMEA,Dina Eraksan,106086.32634420927,71570.232989,34516.093355209276
1095569891,61ee350cd1b617148c976a59,Wordle!,5f064bf93191d60018f0fd5a,Lion Studios,Americas,Matthew Hong,105777.88212894258,69799.474658,35978.40747094258
com.robtopx.geometryjumplite,6295ff7c3987b19e74b43c3e,Geometry Dash Lite Android,6276c973f70e7c001895be79,RobTop Games AB,EMEA,Tori Edwards,104948.68110205734,60390.372432,44558.30867005735
com.sofascore.results,67b5f446390c720c73a0e3f3,Sofascore android,67b5b2c077bd1c00117b9adc,Sofa IT doo,EMEA,Dumitru Cazacu,103717.16324132416,50544.112408,53173.05083332417
screw.puzzle.match3.brain.puzz,665702e4329253a128f1f27a,Screw Sort Puz: Nuts Assemble,634d301fa3774b001b7c0dbc,ToGather Fun Limited,APAC,Harper Zhang,103610.17032819736,81292.9463,22317.22402819736
1538433480,6345c091c17e333ca212effc,PocketFM IOS,6315b8713c59f7001bacf8fb,Pocket FM Corp,APAC,Rutvij Jadav,103508.52858017372,58185.012226,45323.51635417372
880047117,54c63cb2a684cd593e000126,Angry Birds 2 iOS,561e8d946b8d90f61a002087,Rovio,EMEA,Dina Eraksan,103186.66913083295,70888.796633,32297.87249783295
com.hitappsgames.wordsolitaire,68887b364afcdbfb426b9180,Word Solitaire: Associations Android,6021599b8b3e5600159fcc76,HITAPPS GAMES LTD,EMEA,Beth Taylor-Lowen,101930.20094035837,65453.378489,36476.82245135836
1423046460,5b83e2f3ebcb4a0f62d80e85,Paper.io 2,56d55c72562b9c353800000d,Voodoo,EMEA,Hadil Salameh,101886.69950597633,62415.059899,39471.63960697633
498477945,61c9990776261dfb959407aa,Moovit iOS,61c991a5fe4ec600172e5e08,MOOVIT APP GLOBAL LTD,EMEA,Beth Taylor-Lowen,101770.57368037415,59009.63429,42760.939390374144
1472419762,5df90b5c66091a78d5815e82,Blackjack Casino iOS,5c05196699e4374b87bda3b9,Tripledot Studios,EMEA,Tori Edwards,101763.4386156098,76647.048654,25116.3899616098
847492141,6478799b11f74ed45246d305,Score! Hero,6247027c20721a0018bb6528,First Touch Games,EMEA,Louis Wallworth,101564.48579811695,63372.58733,38191.89846811694
6480174499,66b3500a8b82298c2add7cdd,TDS - Tower Destiny Survive,5fc671cbba624b0015a61bf1,Saygames LTD,EMEA,Beth Taylor-Lowen,101196.77183281354,72932.659729,28264.11210381353
1579356887,611bbf6a80cc92b96866ad3b,Overturn Military,5fc671cbba624b0015a61bf1,Saygames LTD,EMEA,Beth Taylor-Lowen,100385.72749853069,73275.149954,27110.577544530694
469463298,66fffb4004a01a45408d13fa,Citymapper,663c90f772fce00011b7f353,Citymapper (Via),EMEA,Louis Wallworth,100025.4383684724,50941.144321,49084.2940474724
1317978215,5a540f51d49ac43a0c011741,color by number FGFF,561e8d976b8d90f61a00418e,FGFF,Americas,Matthew Hong,99679.97154718099,67396.637794,32283.33375318099
com.hbwares.wordfeud.free,506857fe244c88a76639a514,Wordfeud FREE,561e8d936b8d90f61a0014d2,Bertheussen IT,EMEA,Dumitru Cazacu,99608.27923616604,57001.630972,42606.64826416603
6742812903,680b279139da3f86ec0a2314,英语：Grill Sort 日语：グリルソート,6364b12e3ad6c7001711d812,Fodream Limited,APAC,Harper Zhang,99489.15772180607,68950.081549,30539.076172806075
6499293031,6667a74988cc429f2d801763,Screw Sort Puzzle,634d301fa3774b001b7c0dbc,ToGather Fun Limited,APAC,Harper Zhang,98916.84809643842,75873.992033,23042.856063438423
479280326,5db379f3db8e200011927b68,Brainium Solitaire iOS,5d3a10eeddc71000189c7a37,Brainium Studios,Americas,Natalie Kenyon,98908.753314303,63943.490439,34965.26287530301
6747875092,686664ed36273738b61f42a6,Yarn Fever! Unravel Puzzle iOS,5d53cf81ff5bd700186c5f35,InfenitePlay LTD,APAC,Nam Trinh,98608.50312768259,68584.980783,30023.52234468259
com.miui.home,66d6bbfd2a769ddae7418ced,com.miui.home,66d6b6896f113e001198b89c,Xiaomi Group,APAC,Sunton Sun,97520.10712423979,57808.480066,39711.627058239785
com.tracerofficial,677e35a5d7a0b145879b00a7,moneywalk_AOS,677cecb33b9ea20011273987,Gravity Labs,APAC,Sunyoung Min,97045.42858276203,56294.020231,40751.40835176204
550928207,68075411da8e5a572a730472,BeSoccer,680748860437920011951532,BeSoccer,EMEA,Louis Wallworth,96633.37950263883,53325.924992,43307.454510638825
1382466301,5ba95087cc094f074544b7dd,IOS Castle,561e8d936b8d90f61a000455,Mobility Ware,Americas,Natalie Kenyon,96382.12227453422,71477.697459,24904.42481553422
io.deveem.vpn.global,68ca54c3d63f84f5a18f21f2,deveem_io-deveem-vpn-global,6297c4bc012073001b3df035,Yandex Inc.,EMEA,Dumitru Cazacu,96122.55341088766,65375.687253,30746.866157887656
easy.sudoku.puzzle.solver.free,5de10e548ce8520017e173ef,Sudoku Android,5b975fcedc73276356309362,OAKEVER GAMES PTE LTD,APAC,Aria Gao,94872.24774756233,49699.044164,45173.20358356234
1491074310,5f08e579e9abb60001857252,Tetris® iOS,561e8d956b8d90f61a0027d2,PlayStudios,Americas,Natalie Kenyon,94872.16048810157,63160.156944,31712.003544101553
games.vaveda.militaryoverturn,611bbee5350eb6e37c140bf6,Overturn Military,5fc671cbba624b0015a61bf1,Saygames LTD,EMEA,Beth Taylor-Lowen,94767.37412902858,78142.45553,16624.918599028573
com.picsart.studio,597b1b28f6fdf8096600041d,PicsArt Photo Studio: Collage Maker & Pic Editor,59650c95a4e548f217000ead,Picsart Inc,Americas,Matthew Hong,94467.57893309768,49456.45539,45011.12354309768
com.audiomack,5be9c16e4d3adf04414b1823,Audiomack | Download New Music,5f73ab8ec84db80016b354bb,Audiomack Inc.,Americas,Natalie Kenyon,93967.85642590668,46221.594616,47746.26180990668
wool.match.color.sort.jam.puzzle,68995e633f6852ed61a9e227,Wool Crush,634d301fa3774b001b7c0dbc,ToGather Fun Limited,APAC,Harper Zhang,93122.3869703494,70066.670404,23055.7165663494
com.read.goodnovel,63e458023f1b40cf6d5e33eb,GoodNovel - Android,63e35991bbe8fa0014380604,Singapore New Reading Technology Pt,APAC,Sunton Sun,91775.0912030697,60323.310284,31451.78091906971
543186831,5552167b1f1ac071400000d9,8 Ball Pool iOS Live,561e8d926b8d90f61a00013e,Miniclip SA,EMEA,Louis Wallworth,91290.65304409518,63406.848698,27883.804346095178
6449486871,66d170ea20321015a24eb2b9,Question.AI,66a249877c55ea0011ab075c,QuestionAI,APAC,Seven Tu,90843.50119162316,60177.056927,30666.444264623147
1176147574,67b5f7021be9345ad181a7d8,Sofascore IOS,67b5b2c077bd1c00117b9adc,Sofa IT doo,EMEA,Dumitru Cazacu,90224.87172196814,53278.129117,36946.74260496814
1463509237,5d81c924bf4aa20017e95920,Phase 10 iOS,5b0fc58f19829714e5ad0d2f,Mattel163 Limited,APAC,Aria Gao,89723.64558722243,56804.143677,32919.50191022244
1572661625,60a4e1d7cf4957c21093d8e3,Triple Tile,5c05196699e4374b87bda3b9,Tripledot Studios,EMEA,Tori Edwards,89711.73115086967,78334.165488,11377.565662869682
pdfreader.pdfviewer.officetool.pdfscanner,6641ef33e0cbed6459a1b503,PDF Reader App,65c3655fa3d8e100119171ba,9D Technologies,APAC,Rutvij Jadav,89710.5769300197,49828.330386,39882.24654401971
6502341730,66cc45cd3151a503c115fe9b,Spades - Classic Cards,5c05196699e4374b87bda3b9,Tripledot Studios,EMEA,Tori Edwards,89496.72057547634,82549.579595,6947.140980476335
1550945606,6076bd25c69dedee4130b263,Soccer Super Star,583c02c932ec4ba51300037e,Gamegou,APAC,Ronald Long,89318.76582081153,54509.898343,34808.867477811524
com.playvalve.yatzy,649fd139847c940a560e47aa,Yatzy - Fun Classic Dice Game,64803209bfd9aa0011593484,Playvalve,EMEA,Tori Edwards,88937.40077558429,64538.143813,24399.256962584295
com.matteljv.uno,5b14f1387ea39141340a6d68,UNO!™,5b0fc58f19829714e5ad0d2f,Mattel163 Limited,APAC,Aria Gao,88758.1410445515,51882.86803,36875.27301455151
com.football.soccer.league,646b0d38b06633af5707dfca,Football League 2023,583c02c932ec4ba51300037e,Gamegou,APAC,Ronald Long,87845.65118911234,49221.105446,38624.545743112336
kidultlovin.word.zen,64cc9fcad4592a1f1c805a2c,ZenWord Android,5b975fcedc73276356309362,OAKEVER GAMES PTE LTD,APAC,Aria Gao,87789.37478713454,47425.783454,40363.591333134544
1470373330,67161f1ba3ee0d8eae75599e,Remini iOS,619cc4d31a366f0017fe8d06,AI CREATIVITY S.R.L.,EMEA,Benjamin Lyon,87705.73556542762,50673.58001,37032.15555542763
kjv.bible.kingjamesbible,657199b3bac8a9b2d3df4e94,KJV Android,655377ea6cdf5900118d252a,OZION TECH PTE LTD,APAC,Aria Gao,86647.19086910016,57977.154032,28670.03683710016
1492722342,625eaf7743b3a022a19d93be,Animal Kingdom: Coin Raid,621e7a3f257d5f001422669b,Innplay Labs,EMEA,Beth Taylor-Lowen,86586.87343961405,64942.572438,21644.30100161406
6446354191,642dee1b95e6378735df64be,Coin Sort,5f064bf93191d60018f0fd5a,Lion Studios,Americas,Matthew Hong,86371.12580239825,54330.14418,32040.98162239825
281940292,64ef55a17dd0db95c81212b2,WeatherBug - Weather Forecast (iOS),64ee40f968ec2e001173d7bc,WeatherBug,Americas,Natalie Kenyon,86102.43969472713,57901.059073,28201.38062172713
1443446174,5c0de1a896a52a2ba6187dd8,Magic Tiles 3: Piano Game,567acc79dea141ea32000008,Amanotes (PT),APAC,Nam Trinh,85920.03788269854,49400.694095,36519.34378769853
1572726361,598348c317e92baa770027fe,iOS Gin Rummy,561e8d936b8d90f61a000455,Mobility Ware,Americas,Natalie Kenyon,85645.40417966525,61571.114295,24074.28988466524
com.litatom.app,6412fad6dc4ce839176d0e76,Litmatch—Make new friends Android,6406dc222ecde6001489f995,CONSTRUCT TECHNOLOGY PTE LTD,APAC,Ronald Long,85636.33794312007,51219.841656,34416.496287120084
6670430706,67c03741d4e1c44a52e449cd,dramawave-ios,67c01767cc8ae200116e5d00,Skywork AI PTELTD,APAC,Ronald Long,85614.63880168479,56848.096716,28766.542085684785
video.like,64bddfb4f5edf073b3bd3a34,Likee_Android,64ba3523d63483001120ba5e,BIGO TECHNOLOGY PTE LTD,Americas,Sales Ops,85612.30008979754,61671.34121,23940.95887979754
6747097142,68b873af5dcb5d9379af6600,seamobi-dev-gmail-com_com-kbyc-owlVPN,6297c4bc012073001b3df035,Yandex Inc.,EMEA,Dumitru Cazacu,85300.82847466944,57160.787146,28140.041328669446
6448104157,66851b564d981e89bb8afc00,Offline Games - No Wifi Games,607d46752ca90f00153876e8,Jungle Frog LDA,EMEA,Louis Wallworth,84763.01885888129,53927.130456,30835.888402881275
com.applabstudios.ai.mail.homescreen.inbox,65ca6d4bf31d94e5290f757e,AI Mail Home,65ca6ad44e9fff0011d273b7,"App Lab Studios, LLC",Americas,Kasey Geist,84472.36537291213,50068.247747,34404.11762591213
1486214495,5ddc1e48eb34040017baac7a,Brain Test: Tricky Puzzles,5dcf09394f6eed0018145e58,Unico Studio LLC,EMEA,Dina Eraksan,84129.3785274636,56234.104744,27895.2737834636
eu.nordeus.topeleven.android,66447f7b6e3e372b114a8cda,Top Eleven - Android,664372d48ffbbf0011f17452,Nordeus,EMEA,Dumitru Cazacu,83893.46273729662,55009.3727,28884.090037296613
6737214802,671b075c78c69e1cc1bffae7,UC1 - Minigame iOS,5981a22bcf89a5b87f001edf,ROCKETADS LTD BV,APAC,Nam Trinh,83881.74140665878,50053.57428,33828.16712665878
6739069151,67a09724ffda0af1dd8c6caf,Crossword Go,568b8cb3bb2089a80600000a,Playsimple Games,APAC,Rutvij Jadav,83351.55682910219,55734.170466,27617.386363102192
321916506,5e6868c8ffd487601beebc7a,WWF1 - iOS,56c3a378adccd1cb7e00000a,Zynga,Americas,Kasey Geist,82978.47949201078,59932.694417,23045.785075010783
1610874732,6408c6335f2edf398c67c208,Melon Playground,5ec6f4dbdae5f50015c2980b,PCA Bear LLC,EMEA,Kseniia Fesenko,82792.57439167432,54300.156695,28492.417696674318
com.antivirus,650411ec5551fd9849db7aca,AVG AntiVirus & Security,64678a9ed7125400115d9869,GenDigital,EMEA,Benjamin Lyon,82757.80438261149,51052.889472,31704.91491061148
com.wood.bolt.wordle.screw.nuts.puzzle,66d197f92a769ddae74181b7,Screw Hybrid Android,58b91be73e5caab04b000296,Mavericks Mobile,APAC,Ronald Long,82682.97455312355,53000.622395,29682.352158123555
517539894,6035b4c3019023aabed66830,PhotoCircle,602ad40427689c0015fb2d9e,PhotoCircle Inc.,EMEA,Louis Wallworth,82499.87465513605,53295.970767,29203.903888136047
6471045672,6572e3a7a475438b9f7963da,Food and Travel: Merge Game,561e8d946b8d90f61a001853,Century Games,APAC,Ronald Long,82028.7187070982,50464.153673,31564.565034098203
jp.wifishare.townwifi,609cb24169d50614b1e5333c,TownWiFi by GMO,609cb17937f3bf001593dd55,GMOTownWiFi,APAC,Nam Trinh,81986.23322312784,45829.810066,36156.42315712784
com.merge.cooking.theme.restaurant.food,64085e4000b0a652d3aaf1b5,Merge Cooking,63857a9148202e00149fcb08,Happibits Technologies Pte Ltd,APAC,Soojin Moon,81529.06352178974,47110.657847,34418.40567478974
sorting.games.goods.sort.triple.match3d.puzzle.stuff,667aaa6d3a2fe58e15167ee8,Goods Sorting Android,5e96c1b29704720015d9f4ae,Guru Network Limited,APAC,Harper Zhang,81164.69107871957,49525.338971,31639.352107719562
com.pinger.textfree,62bf07c073e8429ca7098700,TextFree Ultra (9),62b9ac4282628b001b5ab74a,Pinger,Americas,Jack Dove,80821.52359220406,48231.635298,32589.888294204065
1600871388,62275ffbd96ee2a0b2bdcbb0,Eatventure_IOS,6107c3b4abaef100175b9029,Lessmore UG (haftungsbeschränkt),EMEA,Dina Eraksan,80792.13393176475,55504.214346,25287.91958576475
6751056652,68ee72e79797ab8c2943d2d9,Pixel Flow!,68ed0a0c4cac2a9dc3250a10,Loom Games Oyun Yazilim ve Pazarlam,Americas,Sales Ops,80502.7412750558,49805.402353,30697.338922055795
tv.flareflow.drama,6863dd22a844a45e9b6a6d7f,FlareFlow: 1-Minute Dramas!,683eac26c72df000112c434c,FLAREFLOW PTE LTD,APAC,Harper Zhang,80000.7330652906,47448.666906,32552.066159290596
1211118856,62fca664c48903a6689672c4,Parchisi STAR iOS,62f4b9c1a0cd3e00172cfe1c,Gameberry Labs Private Limited,APAC,Rutvij Jadav,79914.55637722065,45485.731013,34428.825364220655
com.king.bubblewitch3,62c29e6973e8429ca7098ace,Bubble Witch 3 Saga,622b9915ac4bf1001715b790,Activision Blizzard Media (King),Americas,Kasey Geist,79567.32606555129,52758.907273,26808.418792551292
com.playvalve.watersort,64a3d0ecfaafda98af70163b,Water Sortpuz - Color Puzzle,64803209bfd9aa0011593484,Playvalve,EMEA,Tori Edwards,79502.83055235328,56444.283912,23058.546640353285
1197354394,5af55340bfc6be4ab9a686f0,Daily Themed Crossword - A Fun crossword iOS,568b8cb3bb2089a80600000a,Playsimple Games,APAC,Rutvij Jadav,79444.55547234311,53304.22473,26140.330742343118
1635760774,62e93c3863ecb481c7bc9b94,Hotel Master,5fc671cbba624b0015a61bf1,Saygames LTD,EMEA,Beth Taylor-Lowen,79195.95752450191,58223.569537,20972.387987501905
com.Hadiz.Holeucaneat,68d0074c5d4cf995d2b88105,Hole U Can Eat Home App,5fc618102e8dd2001579b65d,App Central ltd,EMEA,Beth Taylor-Lowen,79022.06549752467,49202.613674,29819.451823524672
com.JindoBlu.OfflineGames,66852bd7efa7b310eb763e69,Offline Games - No Wifi Games,607d46752ca90f00153876e8,Jungle Frog LDA,EMEA,Louis Wallworth,78883.68648549877,57639.032817,21244.653668498773
car.parking.jam.solver.puzzle.games,66d52620e6845db6f88fa9e2,Car Jam Solver:Car Puzzle Game,64684dd7d7125400115d9e39,Vicok Limited New,APAC,Aria Gao,78676.51416498986,59830.038389,18846.47577598987
6692629257,66ed44a4f909844620b79258,Connect Word iOS,6021599b8b3e5600159fcc76,HITAPPS GAMES LTD,EMEA,Beth Taylor-Lowen,78010.9073811455,53149.481024,24861.4263571455
com.GybeGames.ColorBlockJam,672c9b15913e67d2955d1ab6,ColorBlockJam,5bec0018c9af0a7962a96f4a,Rollic Games,EMEA,Dina Eraksan,77854.98710058551,43372.239186,34482.74791458551
com.vincentb.MobControl,609a8393c5d1524132e8e288,Mob Control Android,56d55c72562b9c353800000d,Voodoo,EMEA,Hadil Salameh,77447.85356782697,47765.672114,29682.18145382698
6499306806,66bc490b4b6b3aa2763d2683,Goods Sort iOS,5e96c1b29704720015d9f4ae,Guru Network Limited,APAC,Harper Zhang,77256.41908938353,49231.477379,28024.941710383544
in.playsimple.tripcross,5c505bc01d8afc08c9a4e14e,Crossword Jam,568b8cb3bb2089a80600000a,Playsimple Games,APAC,Rutvij Jadav,77128.16998630062,57324.177428,19803.99255830062
com.tumblr,66857e0a4d981e89bb8afda7,Tumblr,668545a239a54a0011299e6e,Automattic,Americas,Matthew Hong,77000.58978759471,34969.8287,42030.7610875947
592331499,6732cc9c9be7f23343c03263,BeautyCam - AI Photo Editor iOS,66f36da16f113e0011999ff8,Meitu China,APAC,Aria Gao,76777.14381792417,38316.648379,38460.49543892417
defense.roguelike.cell.shoot.survivor,684f77fffacb2c498d30696c,細胞保衛戰,634d301fa3774b001b7c0dbc,ToGather Fun Limited,APAC,Harper Zhang,76673.0341199386,59712.347366,16960.6867539386
in.playsimple.triple.tile.matchgame.pair.three.puzzle.object.royale,64ee188a4ca99f72ba7c5d70,Tile Match -Triple puzzle game,568b8cb3bb2089a80600000a,Playsimple Games,APAC,Rutvij Jadav,76551.3445431749,54655.846331,21895.498212174898
6633425539,66d574e85634666900b5bc0b,Screw Sort 3D,6364b12e3ad6c7001711d812,Fodream Limited,APAC,Harper Zhang,76407.48661948074,53768.296453,22639.190166480745
com.king.petrescuesaga,632cccde0c0bbbf867b264c3,Pet Rescue Saga_Android,622b9915ac4bf1001715b790,Activision Blizzard Media (King),Americas,Kasey Geist,76249.2217889496,49514.473336,26734.748452949596
1444990764,5c049329c226ad7c3bd8e92d,Bubble Pop! Shoot Bubbles,561e8d936b8d90f61a001412,Bitmango,APAC,Sunyoung Min,76173.50851897369,45724.583194,30448.925324973694
6754098532,690885f3bafb456cf25439e9,RUSH: Xtreme,5fc671cbba624b0015a61bf1,Saygames LTD,EMEA,Beth Taylor-Lowen,76131.89856834471,53285.400695,22846.497873344717
com.playvalve.dominoes,66166d8dc0c070078a977c88,Dominoes Masters,64803209bfd9aa0011593484,Playvalve,EMEA,Tori Edwards,75782.08299713263,51434.732813,24347.35018413263
com.dream11.fantasy.cricket.football.kabaddi,68d4fc1229cff6c015a9238b,Dream11 Android,68d4f92fa6eceade8070c48d,Sporta Technologies Pvt Ltd,APAC,Rutvij Jadav,75564.95364679408,46812.417557,28752.53608979409
1466297045,5dc9a22c9fc5d300176af30c,iOS Hearts,561e8d936b8d90f61a000455,Mobility Ware,Americas,Natalie Kenyon,75241.03614717485,55474.181875,19766.854272174845
com.aura.news.hashtag.news,6728dbd37b3ea5a17e5d21d4,#news,64afadea4da41800114faaeb,Unity - Americas,Americas,Jack Dove,74696.09301449984,40828.144405,33867.94860949984
com.superplaystudios.dicedreams,619e4c9f799184ce269991cd,Dice Dreams,60112a3ed3c4a000156a31d9,Superplay,EMEA,Beth Taylor-Lowen,74639.15179894789,51484.233356,23154.918442947892
com.nebula.mahjongtile,685b5cb975c4436861cc7c72,Mahjong - Royal Tiles GP,67b5bff30471850011443643,HURELAX PTE LTD,APAC,Sunton Sun,74518.00462774535,57534.448331,16983.556296745355
com.zm.nuts,65afdf88ef93e047135cf386,Nuts Sort Android,5c05196699e4374b87bda3b9,Tripledot Studios,EMEA,Tori Edwards,74266.04747015225,57069.798575,17196.248895152246
com.playit.videoplayer,623d282d1357d77504c26356,PLAYit,623d267a77ab250011858b6d,personal,APAC,Seven Tu,73946.1588570067,44557.70003,29388.45882700669
com.tranzmate,61c9994ec3aa9ecb8f64d131,Moovit Android,61c991a5fe4ec600172e5e08,MOOVIT APP GLOBAL LTD,EMEA,Beth Taylor-Lowen,73027.39086209312,39629.15218,33398.23868209312
6608975929,67036259901d39379d5ac7ba,Woodoku Blast iOS,5c05196699e4374b87bda3b9,Tripledot Studios,EMEA,Tori Edwards,72509.79508271499,61462.401437,11047.393645714998
jp.naver.linemanga.android,641bfa9d59356be2e54a1d90,LINEマンガ,64131058280ea30014b0ed99,LINE Digital Frontier,APAC,Sunyoung Min,72490.2448039753,42926.911148,29563.333655975322
6444407009,64ec93a0047c0ca49c766f17,Treasure Masters,619b548fc9c9c1001796f1f6,Gimica GmbH,EMEA,Dina Eraksan,72455.1967325022,46855.963871,25599.232861502194
357218860,6524875860aebaee1ce371d0,kik ios,62e85e3836ed04001b6d0adb,MediaLab,Americas,Kasey Geist,71982.52713620484,46325.47258,25657.054556204836
free.vpn.unblock.proxy.turbovpn.lite,673bfb23136e386f160fa8e4,Turbo VPN Lite,5d76031d57ec4f0017743734,INNOVATIVE CONNECTING PTE.LIMITED,APAC,Harper Zhang,71516.90149264535,31795.580154,39721.321338645364
6475168012,68b584b971c490d59a8888cb,Sticker GO!,68b57bc85828fa59037e71c3,Ganko srl,EMEA,Hadil Salameh,71333.87020887304,46852.073419,24481.796789873028
com.aigc.ushow.ichat,6698d3cdf7bea065c84f3ccc,linky,6698d32f7c55ea0011aabb4f,Sky work,APAC,Ronald Long,71158.3860261011,41609.973061,29548.412965101103
6471572249,6552da33cf969be4de4d9aba,Watermelon Drop: Fruit Merge,5d53cf81ff5bd700186c5f35,InfenitePlay LTD,APAC,Nam Trinh,71115.69395963203,49232.541517,21883.152442632032
com.vpn.onesvpn,670e9df1e0f27c4f56202dc2,1S - Android,664ce7f9c25157001160360b,1S VPN Free,EMEA,Kseniia Fesenko,70902.07819301862,34901.868806,36000.20938701862
6451208928,656f0c89e20427efa3001171,Business Empire ios,627b73f7023d420018e2f038,Chardonnay Partners LLC,EMEA,Kseniia Fesenko,70613.28126115564,46256.961051,24356.320210155638
com.playvalve.solitaire,64a41edf830ec394da0090b7,Solitaire - Card Game,64803209bfd9aa0011593484,Playvalve,EMEA,Tori Edwards,70509.56996851195,51364.649139,19144.92082951195
kr.co.psynet,681c0866113835d0f3d89475,LIVE Score_Android,681c05e62331ea0011439df0,"PSYNET Co,Ltd",APAC,Soojin Moon,70468.74170489679,34303.75075,36164.990954896784
1519174001,5ef316979c3a0300015b0a03,Art Puzzle - iOS,57d1b461ae2b57d903000027,Easybrain Ltd,EMEA,Benjamin Lyon,70180.87181640865,49520.414895,20660.45692140866
com.playstrom.hero.tower,66b34dfe8b82298c2add7cb7,TDS - Tower Destiny Survive,5fc671cbba624b0015a61bf1,Saygames LTD,EMEA,Beth Taylor-Lowen,69647.89491572452,54960.84005,14687.054865724518
puzzle.yarn.fever.unravel.puzzle,685cb87611676e2c06228d0d,Yarn Fever! Unravel Puzzle,5d53cf81ff5bd700186c5f35,InfenitePlay LTD,APAC,Nam Trinh,69628.91589814913,49767.487265,19861.428633149124
com.fanatee.cody,58c89d172de3913a0b0003de,CodyCross,561e8d976b8d90f61a003d3f,Fanatee Games,Americas,Jack Dove,69560.15571774059,50416.774905,19143.380812740586
com.pin.screw.color.nuts.bolts.spin.free.game,66e4115921c064bb76dcde5f,Screw Lite And,58b91be73e5caab04b000296,Mavericks Mobile,APAC,Ronald Long,69369.49773986319,44603.97546,24765.522279863195
1565374299,61fd17a90936fb0801aa04bf,Mahjong Club,5fe2fafd6013fb0015208652,GamoVation,EMEA,Louis Wallworth,69308.67717951111,51506.364587,17802.312592511105
com.goldendragon.luckyblessing,687f69025283df928d632aa7,3091-Golden Dragon Blessing,5cc67787e15f77001148cd13,Snail,APAC,Seven Tu,68390.20506434099,47417.853957,20972.35110734099
com.funtomic.matchmasters,6298c1a502725ce5f8955ee4,Match Masters,6298c12ee18acf001be07064,Candivore,EMEA,Tori Edwards,68063.17898229149,39889.915599,28173.263383291487
com.rovio.baba,54c63cf4a684cd593e000128,Angry Birds 2 Android,561e8d946b8d90f61a002087,Rovio,EMEA,Dina Eraksan,67986.37325307657,46340.675392,21645.697861076573
1452992954,5c88efab1c2e1f6eb4ca10cc,Nonogram IOS,57d1b461ae2b57d903000027,Easybrain Ltd,EMEA,Benjamin Lyon,67292.50677423859,48431.683904,18860.82287023859
1442749804,5d778a8a04e89100182b2aaa,Sudoku,5b975fcedc73276356309362,OAKEVER GAMES PTE LTD,APAC,Aria Gao,67158.43325990404,38211.65878,28946.774479904034
com.yolo.hiddenobjects,65ae59c48c749c0555a5ed77,Find Hidden Objects - Spot It!,60f059faaf96d700177d115f,Yolo Oyun Yazılım ve Pazarlama AS,EMEA,Dina Eraksan,67034.45099796375,38087.648841,28946.80215696375
com.flow.mobile,6808dda56b08d751835d8d7b,Emochi,6808dbeef6158900110477ca,Flow,Americas,Sales Ops,66478.47668610817,39965.676359,26512.800327108176
1641107226,6489c5bd2a2e454c7c0abb86,widgetable,6489c502a6bfa20014cb8ca7,Adorned Limited,APAC,Seven Tu,66340.69445159842,38507.059591,27833.63486059843
1130153523,661f294d8f28921b7a276537,iCSee,658a2fc2ab2b4800112923f1,HANGZHOU JF SOFTWARE CO LTD,APAC,Aria Gao,66273.91765653458,39906.613016,26367.30464053458
6636495643,66f65fef901d39379d5a9ed3,Rummy iOS,561e8d936b8d90f61a000455,Mobility Ware,Americas,Natalie Kenyon,66152.24885871832,47564.008783,18588.24007571832
1502193377,5f45ffa82f1f7c000130fe19,トリマ-移動するだけでポイントが貯まる,5f45fb2f150074001547df11,GeoTechnologies Inc.,APAC,Nam Trinh,66010.9172898934,41140.131715,24870.785574893398
net.peakgames.amy,62684160e2a0ef078b8fc737,Toy Blast,56c3a378adccd1cb7e00000a,Zynga,Americas,Kasey Geist,66000.12803750132,54162.781881,11837.34615650132
834185106,5e691e25ffd487601beec0cb,Spades Plus - Card Game,56c3a378adccd1cb7e00000a,Zynga,Americas,Kasey Geist,65550.49619356105,46466.780708,19083.71548556105
com.rapid.short.tv,676bb836c6932d0e3d187f75,RapidTV,674d6cfd2f5be200113e4217,Chengdu Xishangmeishu technology Co,APAC,Aria Gao,65319.046799335374,38602.513259,26716.533540335367
6514312894,66ab1f501ea687af3dc00e4e,FlickReels,66aafef7514c00001147c0c9,FARSUN PTE LTD,APAC,Harper Zhang,65226.53602189073,43298.544332,21927.991689890732
com.playvalve.ballsort,649fd286831ce850a7063c8b,Ball Sortpuz - Color Puzzle,64803209bfd9aa0011593484,Playvalve,EMEA,Tori Edwards,64852.65605611227,46504.050387,18348.605669112265
595558452,5130b34aff10712a34000051,4 Pics 1 Word iOS,561e8d936b8d90f61a0014ca,LOTUM Media GmbH,EMEA,Dina Eraksan,64824.13526301432,36453.258813,28370.876450014322
com.liotek.lannbible,66a20babaac742b8e38f8dbf,KJV Bible Library,65e037799e0d93001113e55a,Rocketshield Browser Technology Lim,APAC,Seven Tu,64611.96842113884,42729.213867,21882.75455413884
com.imo.android.imoimhd,64055668fe5d0fc275c5880f,imo_hd,63f725cfaa034900149db38c,Bigo,APAC,Harper Zhang,64174.24223464302,25273.868557,38900.37367764302
6740510106,67d8df6781fb2a1e3a1b5191,GoodsJam_IOS_com.ig.goods.jam,5ce32f41e15f77001148e36d,Zego Global Ltd,APAC,Nam Trinh,63787.65069809914,42931.46181,20856.188888099146
6446891679,64ec92bd993b2f0f1f1d1c95,Bubble Pop: Wild Rescue,619b548fc9c9c1001796f1f6,Gimica GmbH,EMEA,Dina Eraksan,63678.12263030914,43080.805782,20597.316848309136
1503251395,6551f45e8ec95628af4f0fb4,vpnify_ios,643c740fc34c0300130c743e,VPNABLE LTD,EMEA,Benjamin Lyon,63677.2167463692,40231.692062,23445.524684369197
com.gogo.launcher,670f76be7bccdeafa20f717b,com.gogo.launcher,66d6b6896f113e001198b89c,Xiaomi Group,APAC,Sunton Sun,63600.29642778568,36711.699298,26888.59712978568
ball.sort.puzzle.color.sorting.bubble.games,6285b5e6ed05d2b72d7d2d9a,Ball Sort Android,5e96c1b29704720015d9f4ae,Guru Network Limited,APAC,Harper Zhang,63565.99746803887,35484.461777,28081.53569103887
de.lotum.whatsinthefoto.us,515aff900964d0f21f00000e,4 Pics 1 Word Android,561e8d936b8d90f61a0014ca,LOTUM Media GmbH,EMEA,Dina Eraksan,63374.251735033125,34510.431299,28863.820436033122
1153883316,58537c57febcab143c000043,Word Cookies!,561e8d936b8d90f61a001412,Bitmango,APAC,Sunyoung Min,63233.35930940967,39743.030686,23490.32862340968
com.ztnstudio.notepad,66e9622858fb9d52b9a34d4b,AV - ZTN Notepad - com.ztnstudio.notepad,6666afb99ec3300011cdf91d,Appvestor ApS,EMEA,Hadil Salameh,62989.05021533584,35823.070666,27165.97954933584
in.playsimple.wordtrip,5bce9cde53cf5c0014ea9158,Word Trip Android,568b8cb3bb2089a80600000a,Playsimple Games,APAC,Rutvij Jadav,62970.81348227966,40653.038509,22317.77497327965
com.free.tiptop.vpn.proxy,6748805c2cbb484556728dc9,tiptp1777_com-free-tiptop-vpn-proxy,6297c4bc012073001b3df035,Yandex Inc.,EMEA,Dumitru Cazacu,62634.51311051516,42260.427373,20374.08573751516
6738771575,675696da7913198c9ecadac0,Screw 3D iOS (CD),58b91be73e5caab04b000296,Mavericks Mobile,APAC,Ronald Long,62633.61501785336,39551.774267,23081.840750853364
1570525877,61f943f8445469a5aa7e6663,Baby In Yellow,61f942f0ba92d00017cd7a43,Team Terrible,Americas,Sales Ops,62595.341390322006,40574.976483,22020.364907322004
com.easybrain.nonogram,5d406c47cf18f200178643cf,Nonogram Android,57d1b461ae2b57d903000027,Easybrain Ltd,EMEA,Benjamin Lyon,62223.026472117715,47980.154474,14242.87199811772
com.popdramas.top,684b94b7c195c4600e8749c1,Pop Drama,674d6cfd2f5be200113e4217,Chengdu Xishangmeishu technology Co,APAC,Aria Gao,62195.05767101495,36046.476613,26148.581058014952
com.europosit.pixelcoloring,5b61c1d3a5eacf3ee67a792c,Pixel Art: Create by Number,57d1b461ae2b57d903000027,Easybrain Ltd,EMEA,Benjamin Lyon,62082.80566746911,49387.298079,12695.50758846911
com.justplay.app,674718d1fa70582cee6c049e,JustPlay,67c057525a9de100115b66ec,JustPlay GmbH,EMEA,Dina Eraksan,61973.308022316756,35599.351298,26373.95672431676
1658958534,63b66a4beaf2443e5329bd1c,Goods Triple,6375b18dfdfa75001bf507e2,Speelead Limited,APAC,Aria Gao,61884.54258813005,42012.169529,19872.37305913005
6746465127,684ac236c195c4600e87433a,細胞保衛戰,634d301fa3774b001b7c0dbc,ToGather Fun Limited,APAC,Harper Zhang,61856.18747354408,46167.041279,15689.14619454408
com.mattel163.phase10,5d81cc3fe412d000189dc34b,Phase 10 Android,5b0fc58f19829714e5ad0d2f,Mattel163 Limited,APAC,Aria Gao,61666.96652825763,35001.382197,26665.584331257633
6474133872,65b787f14affe7a8358ee665,Find Hidden Objects - Spot It!,60f059faaf96d700177d115f,Yolo Oyun Yazılım ve Pazarlama AS,EMEA,Dina Eraksan,61378.18723117278,37284.56625,24093.620981172782
com.h8games.littlefarmstory,673dd572da8bc813a1134e03,Little Farm Story,5fc671cbba624b0015a61bf1,Saygames LTD,EMEA,Beth Taylor-Lowen,61240.987783733035,52529.576309,8711.411474733035
jp.co.incrementp.milemobile,5f45ffd8256e1b0001a4189a,トリマ-移動するだけでポイントが貯まる,5f45fb2f150074001547df11,GeoTechnologies Inc.,APAC,Nam Trinh,61181.58359917322,35357.851625,25823.731974173214
700970012,59af17136413db5d6d001cdc,Panda Pop iOS,58910f6a5f5e338431000675,Jamcity INC.,Americas,Kasey Geist,61103.119755049716,38930.973709,22172.14604604972
1025707485,5da53538888eb00018873458,Master iOS,5d76031d57ec4f0017743734,INNOVATIVE CONNECTING PTE.LIMITED,APAC,Harper Zhang,60702.13618976165,31416.228796,29285.90739376165
com.netshort.abroad,66c4140316d72e3cce1c86f1,NetShort_Andorid,66bf1c62ddea6f0011b313a9,NETSTORY PTE LTD,APAC,Harper Zhang,60595.71892701644,34688.550378,25907.168549016435
com.fiogonia.spades,65d7922f27332d35a876bb68,Spades Android,58737456236d8f446400071c,FIOGONIA LIMITED,EMEA,Louis Wallworth,60205.40095480569,48256.538436,11948.862518805694
com.opera.browser,677393b087298a2a13dc7d1b,Opera for Android with AI,676405dff3fa5d00114fee22,Opera Software Ireland,EMEA,Dina Eraksan,60196.614899524735,28686.675558,31509.939341524732
1357464684,6571994c0c33641a15cb39e4,KJV iOS,655377ea6cdf5900118d252a,OZION TECH PTE LTD,APAC,Aria Gao,60027.24682213706,40793.530436,19233.716386137057
1534704608,68c23acd4b9f993905ba9ea9,iScreen - Widgets & Wallpaper,68c149fb167d908cf140905e,厦门神桌信息科技有限公司,APAC,Seven Tu,59509.07257170905,33318.311264,26190.76130770905
sensustech.universal.tv.remote.control,67015658901d39379d5ac3e8,Universal TV Remote Control,670153ce6f113e00119a0fad,SensusTech LLC,EMEA,Kseniia Fesenko,59409.67629049236,32236.045603,27173.630687492354
1146465836,582b1fdaad837782410004e4,Hill Climb Racing 2,561e8d956b8d90f61a003365,Fingersoft Oy,EMEA,Hadil Salameh,59285.182573377475,35748.134531,23537.04804237747
6479528256,67929fb0ac670fb86b084e2d,MONOPOLY: Bingo!,5acced705592f30a08b545e8,Clipwire Games,Americas,Sales Ops,59072.59376361559,41521.174804,17551.41895961559
1465731199,628b5fbc2aae43fd12071c3f,2 Players iOS,607d46752ca90f00153876e8,Jungle Frog LDA,EMEA,Louis Wallworth,58845.55917016479,43957.902277,14887.6568931648
com.smallgiantgames.empires,64a73392d89a1b3212021ab0,Empires & Puzzles,56c3a378adccd1cb7e00000a,Zynga,Americas,Kasey Geist,58822.09345170777,38860.738853,19961.35459870777
6744975195,68762a46e27c18d19b12edde,Sled Surfers iOS_CL,59e4bb543f0fa9a20900afa3,TabTale LTD,EMEA,Dina Eraksan,58770.41312437727,40820.964043,17949.449081377275
com.lmr.lfm,63f9bfaac8a3adeead40e9c0,com.lmr.lfm,5c657afed9e6e60012bab5d9,gamestudiopsv@gmail.com,EMEA,Kseniia Fesenko,58653.18855676971,38298.945092,20354.243464769712
1589762792,622b3099f2283d7a001c007c,Jigsaw iOS,5b975fcedc73276356309362,OAKEVER GAMES PTE LTD,APAC,Aria Gao,58512.24417104048,35103.656006,23408.588165040484
com.zyhwplatform.shortplay,66ac9c873343191babdad3e8,FlickReels,66aafef7514c00001147c0c9,FARSUN PTE LTD,APAC,Harper Zhang,58186.33282088669,36918.430088,21267.902732886687
1214223596,5bebfb1c4de124001080db05,Word Trip iOS,568b8cb3bb2089a80600000a,Playsimple Games,APAC,Rutvij Jadav,58165.97156267454,40358.625949,17807.345613674537
1365309175,5da41973888eb00018871519,Turbo iOS,5d76031d57ec4f0017743734,INNOVATIVE CONNECTING PTE.LIMITED,APAC,Harper Zhang,58070.85052345045,29616.254768,28454.595755450446
com.dcjnmed.jifqq,671b4ccf25a5ffd5eca52fa3,Disassembly Master,5e3692d21cd3cb0018dd4329,SuperSonic Studios,EMEA,Beth Taylor-Lowen,58062.068753432584,34580.734096,23481.334657432588
579581125,67d272dadc73e19db732c198,SmartNews iOS,67d0848db62d6b0011ccb35e,SmartNews,Americas,Kasey Geist,57859.23131006307,39592.018345,18267.21296506307
in.sweatco.app,5aa66899bacdc27c1e00d074,Sweatcoin Android Tapdaq,59d49801fa5a566117002fd5,Sweatcoin,EMEA,Hadil Salameh,57828.180012931,32993.233659,24834.946353931005
6443760593,6362364f952ac005717d7cb4,Zombie Waves,64631cb61aec7f0014e2bfed,NEW_FOREVER SATURN CORPORATION LIMITED,APAC,Ronald Long,57784.67376237893,38465.884212,19318.789550378933
com.gstarmc.android,604efb2b72c6ac4fce8f3b80,DWG FastView Android,604ec2ae5a93950016a63fdd,"Gstarsoft Co.,ltd",APAC,Ronald Long,57633.936646294314,33446.472538,24187.464108294313
videoplayer.videodownloader.downloader,65d4477227332d35a876b142,D_12,6438b601943a92001427793d,AKRURA PTE LTD,APAC,Soojin Moon,57592.63729732654,32141.100061,25451.53723632654
com.innplaylabs.animalkingdomraid,625eafbe443b2f1fa136e3e5,Animal Kingdom: Coin Raid,621e7a3f257d5f001422669b,Innplay Labs,EMEA,Beth Taylor-Lowen,57226.191888930945,38173.089761,19053.102127930943
6449243946,649bd56d831ce850a706382c,Linked Snake,6159d295979b9a001749fd59,Supercent,APAC,Sunyoung Min,56997.520396397405,36319.060775,20678.459621397404
com.chipsea.btcontrol.en,6744492414a0e4daa676b602,OKOK International,674445ddd02cf30011f20eea,shenzhen kangyou jiankang Technolog,APAC,Aria Gao,56992.5583665005,32923.664327,24068.894039500505
1086101495,5afb1d908e03cf7acee1a079,ZEDGE™ Wallpapers,5af5b8f9e408f136156e7cae,"Zedge, Inc.",EMEA,Dumitru Cazacu,56907.13020727359,33451.87296,23455.25724727359
io.supercent.pizzaidle,64ae9ed5faafda98af702482,Pizza Ready,6159d295979b9a001749fd59,Supercent,APAC,Sunyoung Min,56681.46363081561,34203.746174,22477.71745681561
com.zynga.pottermatch,5ea35bf014514a0001c0cd9e,Harry Potter,56c3a378adccd1cb7e00000a,Zynga,Americas,Kasey Geist,56659.153240562475,39795.662589,16863.49065156247
1163786766,64d2ee7416d5c6503302f4cd,Alarmy - iOS,63c7b6b2f22ae3001457f1fb,"Delight Room Co, Ltd",APAC,Sunyoung Min,56421.41565194716,27912.971471,28508.44418094716
6446197181,641854429091f900e1111e9a,Glow: Fashion Idol iOS_CL,59e4bb543f0fa9a20900afa3,TabTale LTD,EMEA,Dina Eraksan,56379.47654833809,38853.706751,17525.769797338085
714796093,5d075faccf7fcd0018c2939b,Cooking Fever,561e8d946b8d90f61a001f18,Nordcurrent,EMEA,Kseniia Fesenko,56349.284532901635,34281.291039,22067.99349390163
1445472541,65d4913c9a4122e9e0de9175,iOS - Pi Network,65d4907595c34900110c9204,Social Chain Inc.,Americas,Jack Dove,55837.921574112996,28718.31387,27119.607704112997
com.outfit7.mytalkingtom2,5b338ba8a3ecc44677296503,My Talking Tom 2 - Android,561e8d946b8d90f61a001509,Outfit7,EMEA,Dina Eraksan,55706.04662924132,38255.868124,17450.178505241318
724594093,623a9298a2335a0f5b77a0aa,LINE：ディズニーツムツム,5efeed113191d60018f0f4e0,LY Corporation,APAC,Sunyoung Min,55454.19259327522,35049.784473,20404.40812027522
1543351744,65d4163727332d35a876b095,keepsmile,65d404b895c34900110c8746,"Shenzhen Youzhida Technology Co, L",APAC,Aria Gao,55417.14115926657,35363.53568,20053.60547926656
games.burny.color.sort.woody.puzzle,65784ddca475438b9f797211,Colorwood sort puzzle game,6267e053f2d4b90018ad84e4,Burny Games,EMEA,Kseniia Fesenko,55299.65166520695,39757.89284,15541.758825206949
com.skipads.oitube.official,6257fac5978c35cea67ef45f,Oitube,624fd55d426bbc0011d5578d,personal,APAC,Soojin Moon,55229.503455650076,30770.490199,24459.013256650076
1190849728,59c0bfe44b342c7f280015fe,Solitaire – Classic Card Game,57d1b461ae2b57d903000027,Easybrain Ltd,EMEA,Benjamin Lyon,55129.58763019074,39815.679414,15313.90821619074
com.easybrain.hidden.spots,6672d811429c14443ac5fb6d,Hidden Spots,57d1b461ae2b57d903000027,Easybrain Ltd,EMEA,Benjamin Lyon,55120.59035876131,42566.604359,12553.985999761306
1667538616,64ec9253047c0ca49c766f09,Balls Versus Blocks,619b548fc9c9c1001796f1f6,Gimica GmbH,EMEA,Dina Eraksan,55061.46073294796,35344.410284,19717.050448947968
6737874398,672ec82f913e67d2955d2084,Merge Fashion: Romance Story - iOS,6540ac3b1ad27200118e909d,Wind's Choice Tech Limited,APAC,Ronald Long,54817.811296946544,42073.701892,12744.109404946541
1466346433,65e890a009143409c22e2531,Eureka iOS,65de2ed395c34900110d36bb,SocialLoop LLC,Americas,Sales Ops,54808.41162891372,35484.090498,19324.32113091372
water.sort.puzzle.game.color.sorting.free,618cc2e73093eef9fd699719,Water Sort Puzzle - Android,5e96c1b29704720015d9f4ae,Guru Network Limited,APAC,Harper Zhang,54749.990273775715,34126.984586,20623.005687775716
com.playvalve.spades,659677f9c64ca439507c3d73,Spades Stars - Card Game,64803209bfd9aa0011593484,Playvalve,EMEA,Tori Edwards,54561.995293478976,37455.021956,17106.97333747898
1643509748,6385c45b882d129fcf7cb6d9,Merge Cooking-IOS,63857a9148202e00149fcb08,Happibits Technologies Pte Ltd,APAC,Soojin Moon,54466.75300349872,32029.517709,22437.235294498718
1509453185,6321bbd636535c0cf813b170,terabox,630dd09a2334a0001b28ad73,"Flextech, Inc.",APAC,Seven Tu,54454.40666139833,31455.23189,22999.174771398328
6466648550,654b71bbd1c31fd96c33fd73,We are Warriors!,6107c3b4abaef100175b9029,Lessmore UG (haftungsbeschränkt),EMEA,Dina Eraksan,54376.226371603334,38468.30701,15907.919361603337
1269540854,5c6bcec910122f720df1553b,Crossword Jam : Fun Brain Game,568b8cb3bb2089a80600000a,Playsimple Games,APAC,Rutvij Jadav,54042.830513199195,38367.158383,15675.672130199191
1331794412,5a5dc3f2e9e0ac6c7e0024fb,Bricks n Balls,561e8d976b8d90f61a0045d7,"PeopleFun, Inc.",Americas,Matthew Hong,54031.39525659081,33935.342923,20096.052333590815
1671315416,659e4c266cf70883bd095312,Jagat-iOS,659e4bc13d46f600110781db,JAGAT TECHNOLOGY PTE LTD,APAC,Harper Zhang,53677.64797761997,30592.543504,23085.104473619962
366247306,5d8aa10f0ce85300171b971a,▻Sudoku,561e8d976b8d90f61a0045d7,"PeopleFun, Inc.",Americas,Matthew Hong,53588.95478821745,34557.627111,19031.327677217447
6744533069,68a583fd309863a7302e1faf,seamobi-dev-gmail-com_com-this-windvpn,6297c4bc012073001b3df035,Yandex Inc.,EMEA,Dumitru Cazacu,53579.38880964542,35915.432956,17663.955853645413
com.blackout.spades,616f5141d877b8dc18b84ead,Spades - Android,5efd8ef70165690015e8b224,Blackout Lab SL,EMEA,Beth Taylor-Lowen,53413.127986675165,31186.988012,22226.139974675163
com.fatmerge.global,6572e422a475438b9f7963df,Food and Travel: Merge Game,561e8d946b8d90f61a001853,Century Games,APAC,Ronald Long,53398.31382942607,28890.490571,24507.823258426073
1420294918,5d601a774f58920017a68eb4,Wordscapes Search iOS,561e8d976b8d90f61a0045d7,"PeopleFun, Inc.",Americas,Matthew Hong,53318.957369643,36257.515173,17061.442196643
1640075364,6425f150c4d8b0bedab9783e,Tile Club,5fe2fafd6013fb0015208652,GamoVation,EMEA,Louis Wallworth,52978.442136542726,39369.87948,13608.562656542726
closet.match.pair.matching.games,638ee5c8643198f9a752c1f6,Goods Sort - Match Master,6375b18dfdfa75001bf507e2,Speelead Limited,APAC,Aria Gao,52722.159409129454,38453.937521,14268.22188812945
com.Hadiz.Pillowchase,68c17bab0ed903cf7fceab95,Pillow Chase Home App,5fc618102e8dd2001579b65d,App Central ltd,EMEA,Beth Taylor-Lowen,52516.434818690585,33248.241836,19268.192982690583
air.com.sgn.cookiejam.gp,5a9059cad21df82a03002ca1,Cookie Jam Match 3 Android,58910f6a5f5e338431000675,Jamcity INC.,Americas,Kasey Geist,52499.85518394597,29430.471136,23069.38404794597
1644099880,631afd1248a0f788d7762b15,Cryptogram: Word Brain Puzzle,647deb456149810011be5192,Joyteractive Ltd,EMEA,Kseniia Fesenko,52098.90957936455,32552.146192,19546.763387364546
com.gamovation.triplemahjong,6718ca934a1ec2bd8d864e26,Mahjong Triple Club,5fe2fafd6013fb0015208652,GamoVation,EMEA,Louis Wallworth,52087.61540128011,39998.644653,12088.970748280117
1446254576,5f58b1eb58401a000165c9f7,Solitaire Cash,5f58b1ac675b0600157e7105,Papaya Gaming,EMEA,Beth Taylor-Lowen,52012.20822011374,37189.087038,14823.121182113737
6689516283,66f29d46c81241f35a61f93a,Perfect Tidy_ios,57fb4876297c8ce634000039,AbiGroup,APAC,Nam Trinh,51908.17837749228,28911.624306,22996.55407149228
459035295,664485f1d09efc5a9e422018,Top Eleven - iOS,664372d48ffbbf0011f17452,Nordeus,EMEA,Dumitru Cazacu,51845.5755677056,36857.575487,14988.000080705599
1011626777,674568a601f19870b2661523,Yi Home-iOS,673afd953fa40700118c0ff2,Kami (HK) Limited,APAC,Sunton Sun,51715.66224850141,32619.049749,19096.612499501407
com.scatterlab.messenger,65fbcc68f5d8b25533af06f8,zeta Android,65f02b00af81650011344521,Scatterlab,APAC,Soojin Moon,51711.80656458858,29580.450781,22131.35578358858
com.yunyi.smartcamera,676cf694eeca080cadc58d16,Yi IoT-安卓,673afd953fa40700118c0ff2,Kami (HK) Limited,APAC,Sunton Sun,51707.623401905425,28132.100807,23575.522594905426
495583717,58bf044230aa0e8e3c00043d,iOS Jigsaw Puzzle,561e8d936b8d90f61a000455,Mobility Ware,Americas,Natalie Kenyon,51490.6817550616,37607.573581,13883.108174061603
6450917563,64ae9f17830ec394da009d51,Pizza Ready,6159d295979b9a001749fd59,Supercent,APAC,Sunyoung Min,51185.31121587912,32268.804754,18916.506461879126
ball.sort.color.puz.game.puzzle,65a782da26f437b17073e185,Ball Sort - Color Puz Game,5fc0a33dcb32b5001563f9dc,AmberMobile Limited,APAC,Ronald Long,51039.65931667671,40182.568397,10857.090919676715
1318181304,65ddede5d1b71b57183c4444,Spades iOS,58737456236d8f446400071c,FIOGONIA LIMITED,EMEA,Louis Wallworth,50846.834221882,39847.698108,10999.136113882
com.easybrain.backgammon.board.games,615dd65a5e0f3b245d50aa97,Backgammon GP,57d1b461ae2b57d903000027,Easybrain Ltd,EMEA,Benjamin Lyon,50662.504228469086,37365.593223,13296.911005469083
1548857482,63e074c07c445b3cfb1b94f7,Bilibili,63e0726b0dce2900138bf123,BALABOOM PTE LTD,APAC,Ronald Long,50323.25232276569,33180.71298,17142.539342765693
com.mobilityware.Rummy,66f667b2c81241f35a6205c9,Rummy Android,561e8d936b8d90f61a000455,Mobility Ware,Americas,Natalie Kenyon,50249.080678534134,37579.069239,12670.011439534135
1274972321,5a167dd1d0d008d90400a61d,Pixel Art - Color by Number,57d1b461ae2b57d903000027,Easybrain Ltd,EMEA,Benjamin Lyon,50144.17474394288,37012.716898,13131.45784594288
6448392144,64781b96dac1393f38b604ca,Cake Sort - Color Puzzle Game IOS PM D2M,5a57133a3610bbb671016ff3,FALCON GLOBAL LTD.,APAC,Nam Trinh,50095.90640407162,30452.089423,19643.81698107162
1374403536,5ad8f49f2366ab644c5ff33f,BitLife - Life Simulator,561e8d936b8d90f61a0014bf,Candywriter,Americas,Natalie Kenyon,50020.292990625276,30804.223473,19216.06951762527
com.camerasideas.trimmer,60780915a89ffffc0c0a1ed2,YouCut,561e8d976b8d90f61a003fcf,InstaShot,APAC,Harper Zhang,49892.688684715016,26791.835595,23100.85308971502
1389111413,5f5ba15b8b44650001cad5b7,Hole.io,56d55c72562b9c353800000d,Voodoo,EMEA,Hadil Salameh,49814.96741143979,31409.445183,18405.522228439797
com.fingersoft.hcr2,5821ac608c3c580c2e000275,Hill Climb Racing 2,561e8d956b8d90f61a003365,Fingersoft Oy,EMEA,Hadil Salameh,49703.791272318296,29657.588028,20046.203244318298
388389451,630db358adff6b6e29fde846,Muslim Pro iOS,630d8dbfb1095d001bb0f04a,Bitsmedia Pte Ltd,APAC,Soojin Moon,49243.76518696255,26708.307502,22535.457684962545
com.dream.free.games.match3,647dbe0bb7a4c97fb3997264,Dream Island - Match 3 Games,64075f57d6da1900141e5aba,Code Dish GmbH,EMEA,Hadil Salameh,49013.034267703566,33079.214193,15933.82007470356
971023427,59d5d0667f2ced5b17003f7b,Sweatcoin,59d49801fa5a566117002fd5,Sweatcoin,EMEA,Hadil Salameh,48953.37526967969,29250.267987,19703.107282679684
1466197423,5dbbcb0a073003001420bd62,QBlock iOS,5b975fcedc73276356309362,OAKEVER GAMES PTE LTD,APAC,Aria Gao,48753.964492593615,29607.970266,19145.99422659361
one.cryptoguru.cryptotradingacademy,654cfadfcf969be4de4d8eb1,Cryptoguru: Trading Simulator,64b7f29fcca9af0011fd585d,Sonderads,EMEA,Kseniia Fesenko,48576.9318109133,30096.393984,18480.53782691331
6733244789,673dcee201f19870b266002b,Little Farm Story,5fc671cbba624b0015a61bf1,Saygames LTD,EMEA,Beth Taylor-Lowen,48518.461849214684,36301.270279,12217.191570214687
6746331323,686df2b7df49b79de0b0b51e,Knit Away,6140b93df325530017ebcca3,ADONE PTE. LTD.,APAC,Nam Trinh,48446.405432895364,32085.499224,16360.906208895369
com.bgg.jump,61255fc7e1c507583895150c,Project Makeover,612549a07d54b700104c6ae3,"Magic Tavern, Inc.",APAC,Harper Zhang,48415.01964655304,27268.31445,21146.705196553037
6642698438,66d193dcaa8e1e9b9d293abe,Screw Hybrid iOS,58b91be73e5caab04b000296,Mavericks Mobile,APAC,Ronald Long,48400.40249136089,29677.142139,18723.26035236089
instagram.video.downloader.story.saver.ig,65dda91fd63f23ff922156aa,INS3,638b3f012fb066001b8262d1,AtlasV,APAC,Ronald Long,48392.32919949261,24554.30158,23838.027619492605
6749132002,68a33d1dc1651e2c85a38a97,Drop The Cat iOS,5e5381e2bd20d800170948e8,ActionFit,APAC,Soojin Moon,48329.43919916922,29968.540447,18360.898752169218
1618041797,650a64add38855ef54aaed95,Sudoku-iOS,606c7bac7a37680015801ad8,jiayou,APAC,Sunton Sun,48150.36239383902,34861.487702,13288.874691839019
com.pocketchamps.game,60ccb4ca950f6127ef6c8e16,Pocket Champs (Android),5b5ec3e8337f272131edc824,MadBox,EMEA,Hadil Salameh,47843.45034438911,29035.90719,18807.543154389103
6751533084,68fb4d094b59fa48e1ca4db5,SCi,66c45f2c053da00011d69728,Standard Game Limited,APAC,Harper Zhang,47816.98314111128,29302.93555,18514.04759111128
1459645446,6623f108853bc6953cc5709d,BeReal iOS,56d55c72562b9c353800000d,Voodoo,EMEA,Hadil Salameh,47799.087064236395,25871.686412,21927.400652236392
com.master.hotelmaster,62e9283565ec0d99f0f0fb77,Hotel Master,5fc671cbba624b0015a61bf1,Saygames LTD,EMEA,Beth Taylor-Lowen,47596.70926848958,38943.018648,8653.690620489584
bible.wordgame.words.connect.crossword.cookies,5bc875c0be31ab306a216ab2,BVC Android,5b975fcedc73276356309362,OAKEVER GAMES PTE LTD,APAC,Aria Gao,47488.798474950076,30273.138192,17215.660282950077
com.orangeapps.piratetreasure,641c54b44e8910abf4bdad7e,Pirate Treasures: Jewel & Gems,5e072f709b72ee0018763bc3,TAPCLAP,EMEA,Kseniia Fesenko,47432.509920467215,26835.909868,20596.60005246722
com.Free.Drama,684fdcee3e498a8535214b45,FreeDrama,6641b3748ffbbf0011f15c05,The Byte Combat (HongKong) Limited,APAC,Sunton Sun,47380.33270681469,30910.274142,16470.058564814695
6504540166,67a34154f372f630d3b77200,Flop House iOS_CL,59e4bb543f0fa9a20900afa3,TabTale LTD,EMEA,Dina Eraksan,47361.8844613649,31835.466143,15526.418318364898
com.easybrain.word.puzzle.game,64f9e2ac8fb8ac04ca897cd1,Easy Words GP,57d1b461ae2b57d903000027,Easybrain Ltd,EMEA,Benjamin Lyon,47329.38223504566,37040.791368,10288.590867045657
com.mathbrain.sudoku,61e8fb44a901a69d420e6b39,Sudoku-GP,606c7bac7a37680015801ad8,jiayou,APAC,Sunton Sun,47288.70135632202,33999.970253,13288.731103322025
com.outfit7.mytalkingangela2,60370bfa488877a0ea0bb3c4,My Talking Angela 2 - Android,561e8d946b8d90f61a001509,Outfit7,EMEA,Dina Eraksan,47157.33682856233,33432.282015,13725.05481356233
com.biomes.vanced,62330ef11261eebebcaf40a0,Vanced,622f2440e19c1e00147fc083,individual,Americas,Sales Ops,47143.41686028637,20746.578535,26396.838325286368
6504122823,66b0c2e2e33c9a548741f773,Epic Plane Evolution,56d55c72562b9c353800000d,Voodoo,EMEA,Hadil Salameh,47065.295723869494,29411.261358,17654.034365869487
com.iconchanger.widget.theme.shortcut,623849da38ec2385745f5299,Themepack-icon changer,61653a78f9df5d00173c17ba,KikaTech,APAC,Aria Gao,47015.7686199993,26190.761264,20825.007355999296
com.playvalve.connect.dots,64a41dba830ec394da0090b2,Connect the Dots,64803209bfd9aa0011593484,Playvalve,EMEA,Tori Edwards,46949.78802172725,31314.336842,15635.451179727246
6452119853,657a0d1ce32ee9b92a27b29d,Wordscapes Solitaire,561e8d976b8d90f61a0045d7,"PeopleFun, Inc.",Americas,Matthew Hong,46920.43644913685,33302.197427,13618.239022136853
6446890132,64ec93e338e5f4adf8260b18,Word Seekers,619b548fc9c9c1001796f1f6,Gimica GmbH,EMEA,Dina Eraksan,46539.6063413419,31008.805599,15530.800742341902
6747255171,685eae0ea49e6497f395dba1,yuechao-ma_com-free-app-open-lite,6297c4bc012073001b3df035,Yandex Inc.,EMEA,Dumitru Cazacu,46504.60674480953,28669.786,17834.82074480953
9wzdncrfhwcp,5797949864c72d066f000097,Mahjong Windows,579643ec6c081adf5c00004c,Microsoft Casual Games,Americas,Matthew Hong,46442.916568,30137.584279,16305.332289
com.tapcolor.color.coloring.number.paint.free,661213bfd4cf07f390ceb1d9,Color Oasis - Color by Number,561e8d946b8d90f61a001853,Century Games,APAC,Ronald Long,46331.185238918886,26124.882316,20206.30292291889
1623318294,628caa38209aa59215f0cde3,Cookie iOS,58adf6988e52ab4d320004d1,Microfun,APAC,Ronald Long,46323.40216050468,27993.672321,18329.72983950468
com.mobilityware.GinRummySolitaire,59834c5b76da46c2770023b2,Android Gin Rummy,561e8d936b8d90f61a000455,Mobility Ware,Americas,Natalie Kenyon,46261.47447014457,33751.17153,12510.302940144564
725215120,64db6180d4592a1f1c806bde,SHAREit,5f687c6436ca1e0016d5fd6d,INJOY TECHNOLOGY PTE.LTD.,APAC,Seven Tu,45763.03814551601,28536.606609,17226.431536516007
1643547847,63532703807a49419ad183c9,Found It! Hidden Objects,5f064bf93191d60018f0fd5a,Lion Studios,Americas,Matthew Hong,45738.051242568836,28632.115286,17105.93595656883
com.Cash.Drama,68c8d140d20dcd3c2c2ab61b,CashDrama,6641b3748ffbbf0011f15c05,The Byte Combat (HongKong) Limited,APAC,Sunton Sun,45577.24905473914,29808.458452,15768.790602739144
6451460845,64c77a97b00399b5942ae28a,Blossom Match,6364b12e3ad6c7001711d812,Fodream Limited,APAC,Harper Zhang,45272.01590336543,34447.524865,10824.491038365428
6747492600,685b5c3275c4436861cc7bec,Mahjong - Royal Tiles IOS,67b5bff30471850011443643,HURELAX PTE LTD,APAC,Sunton Sun,45224.465057229754,32510.32902,12714.136037229759
com.gimica.treasuremaster,619b54ec1e625bd45aa1ecdc,Treasure Master,619b548fc9c9c1001796f1f6,Gimica GmbH,EMEA,Dina Eraksan,45137.5860450618,27377.439227,17760.1468180618
com.gimica.solitaireverse,619b54c0dfb892ac20d4c55c,Solitaire Verse,619b548fc9c9c1001796f1f6,Gimica GmbH,EMEA,Dina Eraksan,45044.00536889697,27203.415485,17840.589883896973
com.playvalve.solitaire.spider,64a41f129018de0fbec58dd7,Spider Solitaire,64803209bfd9aa0011593484,Playvalve,EMEA,Tori Edwards,44917.05697498832,33782.554774,11134.502200988318
com.firsttouchgames.story,64787b6711f74ed45246d310,Score! Hero,6247027c20721a0018bb6528,First Touch Games,EMEA,Louis Wallworth,44884.122994613426,29206.399943,15677.72305161343
com.ea.gp.fifamobile,5a567a1e424992a97101387c,FC Mobile Android,561e8d936b8d90f61a0006b6,Electronic Arts,Americas,Kasey Geist,44787.80410663373,25392.631416,19395.172690633735
com.wildspike.wormszone,5e0399f7ddf7457b59f24958,Worms Zone .io - Voracious Snake,59fb487bbe77065f5800afc3,Azur Games,EMEA,Tori Edwards,44636.27851017921,26837.769171,17798.50933917921
com.gamovation.sudoku,63764fda650877c584196fbe,Sudoku Android,5fe2fafd6013fb0015208652,GamoVation,EMEA,Louis Wallworth,44617.92187702298,33432.597421,11185.324456022974
